"TLONGDD","TLATDD","RLONGDD","RLATDD","TAGNO","SPECIES","TDATE","UNIQUE","TGEAR","HOOKTYPE","TDEPTHFT","TLENIN","TWTLBS","RDATE","RGEAR","RETDEPTH"
-87.1666666666667,30.0833333333333,-87.3333333333333,29.8166666666667,"G58622","RED SNAPPER",2006-05-12,36864,"RR","CIRCLE",100,12,NA,2006-10-24,"RR",125
-87.45,29.9666666666667,-87,30.1666666666667,"10407","RED SNAPPER",1992-09-19,367,"RR","",105,12.5,NA,1992-10-24,"RR",96
-87.4,29.8833333333333,-85.75,29.8333333333333,"10417","RED SNAPPER",1992-09-19,378,"RR","",100,11.75,NA,1993-07-05,"RR",NA
-87.25,29.4666666666667,-87.25,29.4666666666667,"10419","RED SNAPPER",1992-10-31,380,"RR","",106,11,NA,1993-03-28,"RR",100
-87.25,29.4666666666667,-87.25,29.4666666666667,"10424","RED SNAPPER",1992-10-31,386,"RR","",106,10.25,NA,1993-09-25,"RR",105
-87.3333333333333,29.4666666666667,-87.3333333333333,29.4666666666667,"10430","RED SNAPPER",1992-10-31,393,"RR","",113,10.25,NA,1993-11-09,"RR",100
-87.3333333333333,29.4666666666667,-87.3333333333333,29.4666666666667,"10431","RED SNAPPER",1992-10-31,394,"RR","",113,12.5,NA,1993-01-31,"RR",113
-87.4166666666667,29.5,-87.8333333333333,29.9166666666667,"10432","RED SNAPPER",1992-10-31,396,"RR","",100,10,NA,1993-07-11,"RR",110
-87.4166666666667,29.95,-87.45,30,"10442","RED SNAPPER",1992-10-31,407,"RR","",96,14.5,NA,1993-12-20,"RR",120
-87.4166666666667,29.5,-87.4166666666667,29.95,"10443","RED SNAPPER",1992-10-31,409,"RR","",96,11.5,NA,1994-09-09,"RR",90
-87.5,29.5833333333333,-87.5,29.5833333333333,"10449","RED SNAPPER",1992-10-31,415,"RR","",85,12,NA,1993-07-14,"RR",85
-87.5,29.5833333333333,-87.45,30.0833333333333,"10450","RED SNAPPER",1992-10-31,417,"RR","",85,12.5,NA,1993-08-16,"RR",NA
-87.25,30,-87.25,30,"10772","RED SNAPPER",1993-02-13,705,"RR","",75,12,NA,1993-05-05,"RR",75
-87.25,30,-87.25,30,"10775","RED SNAPPER",1993-02-13,709,"RR","",80,12,NA,1993-05-17,"RR",NA
-87.25,30,-87.5,30.0833333333333,"10776","RED SNAPPER",1993-02-13,711,"RR","",80,13,NA,1993-04-22,"RR",80
-87.3666666666667,30.05,-87.3666666666667,30.05,"10781","RED SNAPPER",1993-03-06,716,"RR","",85,11,NA,1993-07-30,"RR",85
-87.3666666666667,30,-87.3666666666667,30,"10787","RED SNAPPER",1993-03-06,723,"RR","",83,14,NA,1993-06-06,"RR",83
-87.3666666666667,30,-87.3666666666667,30,"10787","RED SNAPPER",1993-06-06,724,"RR","",83,14.25,NA,1993-09-18,"RR",83
-87.5,30.1166666666667,-87.2,30.25,"10792","RED SNAPPER",1993-02-13,730,"RR","",80,12,NA,1993-05-15,"RR",80
-87.1666666666667,30.05,-86.6666666666667,29.8333333333333,"10794","RED SNAPPER",1993-02-24,732,"RR","",100,12,NA,1993-09-11,"RR",100
-87.2166666666667,30.1,-87.2166666666667,30.1,"10805","RED SNAPPER",1992-05-15,744,"RR","",90,8.75,NA,1992-09-18,"RR",90
-87.2166666666667,30.1,-87.2166666666667,30.1,"10805","RED SNAPPER",1992-09-18,745,"RR","",90,12.75,NA,1993-10-04,"RR",90
-87.3333333333333,30,-87.4166666666667,30.25,"10827","RED SNAPPER",1992-05-29,769,"RR","",100,10.5,NA,1992-09-10,"RR",70
-87.5,30,-87.5,30,"10843","RED SNAPPER",1992-08-15,786,"RR","",80,12.5,NA,1992-10-27,"RR",85
-87.5,30,-87.5,30,"10843","RED SNAPPER",1992-10-27,787,"RR","",85,13,NA,1993-05-17,"RR",NA
-80.1166666666667,28.6166666666667,-80.1166666666667,28.6166666666667,"17914","RED SNAPPER",1997-12-20,4279,"RR","",180,19,NA,1998-01-10,"RR",195
-80.2,28.6333333333333,-80.2,28.6333333333333,"17926","RED SNAPPER",1997-12-20,4292,"RR","",130,14,NA,1998-04-25,"RR",130
-80.7666666666667,29.2,-80.7666666666667,29.2,"18034","RED SNAPPER",1997-12-04,4328,"RR","",70,18,NA,1998-04-09,"RR",70
-80.7666666666667,29.2,-80.7666666666667,29.2,"18035","RED SNAPPER",1997-12-04,4330,"RR","",70,17.5,NA,1998-06-10,"RR",70
-80.7666666666667,29.2,-80.7666666666667,29.2,"18036","RED SNAPPER",1997-12-04,4331,"RR","",70,19.25,NA,1998-06-10,"RR",70
-80.7666666666667,29.2,-80.7666666666667,29.1833333333333,"18042","RED SNAPPER",1997-12-04,4338,"RR","",70,19.5,NA,1998-03-10,"RR",70
-80.7666666666667,29.2,-80.7666666666667,29.2,"18043","RED SNAPPER",1997-12-04,4339,"RR","",70,19.25,NA,1998-05-09,"RR",70
-80.75,29.3166666666667,-80.7666666666667,29.2,"18047","RED SNAPPER",1997-12-04,4344,"RR","",75,17.5,NA,1998-07-16,"RR",NA
-81.0833333333333,29.95,-80.8,29.7333333333333,"23379","RED SNAPPER",1999-10-12,7227,"RR","",68,13,NA,2000-11-05,"RR",90
-94.1,28.7833333333333,-94.3,28.7666666666667,"27340","RED SNAPPER",2001-04-28,10758,"RR","CIRCLE",90,15,NA,2002-06-23,"RR",80
-85.8333333333333,29.9333333333333,-85.8333333333333,29.9166666666667,"29720","RED SNAPPER",2000-04-26,12454,"RR","J",100,12.25,NA,2001-09-20,"RR",110
-92.5333333333333,28.7666666666667,-92.5333333333333,28.7666666666667,"32691","RED SNAPPER",2000-07-21,14106,"RR","J",100,14.5,NA,2000-10-01,"RR",NA
-81.15,30.1833333333333,-81.0833333333333,29.8833333333333,"33601","RED SNAPPER",2000-04-27,14403,"RR","J",78,14,NA,2000-07-03,"RR",69
-85.9666666666667,29.5333333333333,-85.9666666666667,29.5333333333333,"33783","RED SNAPPER",2000-03-28,14528,"RR","CIRCLE",140,20,NA,2000-05-08,"RR",140
-85.9666666666667,29.5333333333333,-85.9166666666667,29.65,"33789","RED SNAPPER",2000-03-28,14535,"RR","J",140,18.5,NA,2001-09-10,"RR",134
-86.5,30.3,-86.5,30.3,"39709","RED SNAPPER",2001-10-31,18394,"RR","CIRCLE",80,15,NA,2002-05-11,"RR",80
-87.2666666666667,30.3333333333333,-87.2666666666667,30.3333333333333,"42165","RED SNAPPER",2003-01-14,25225,"RR","J",40,14.5,NA,2003-03-02,"RR",50
-80.3,28.4,-80.2833333333333,28.4166666666667,"50237","RED SNAPPER",2004-07-24,30833,"RR","J",80,14,NA,2004-11-28,"RR",80
-86.4166666666667,30.35,-86.45,30.3166666666667,"59239","RED SNAPPER",2005-07-16,37441,"RR","CIRCLE",65,13,NA,2006-05-08,"RR",65
-86.4833333333333,30.35,-86.4833333333333,30.3333333333333,"60158","RED SNAPPER",2005-08-03,37716,"RR","CIRCLE",61,13.75,NA,2005-08-27,"RR",65
-86.2333333333333,30.3,-86.25,30.3,"G43292","RED SNAPPER",2003-05-23,27044,"RR","CIRCLE",78,17,NA,2003-06-17,"RR",80
-80.8333333333333,29.9166666666667,-81.0833333333333,29.9333333333333,"20364","RED SNAPPER",1998-08-08,5704,"RR","",95,15,NA,1998-11-30,"RR",81
-80.7666666666667,29.8333333333333,-80.75,29.85,"20702","RED SNAPPER",2001-12-12,5741,"RR","J",105,18,NA,2002-06-03,"RR",95
-81.2,29.9166666666667,-81.1,29.9166666666667,"20704","RED SNAPPER",2001-12-26,5746,"RR","J",55,16,NA,2002-01-13,"RR",NA
-81.1166666666667,29.8833333333333,-81.1166666666667,29.9,"20708","RED SNAPPER",2002-06-01,5751,"RR","J",65,18,NA,2002-07-05,"RR",67
-81.1166666666667,29.9,-81.1166666666667,29.9,"20738","RED SNAPPER",2002-06-17,5777,"RR","J",65,19,NA,2002-07-11,"RR",74
-81.1166666666667,29.9,-81.1166666666667,29.8833333333333,"20738","RED SNAPPER",2002-07-11,5778,"RR","J",74,19,NA,2002-11-04,"RR",70
-81.1166666666667,29.8833333333333,-81.1166666666667,29.8833333333333,"20745","RED SNAPPER",2002-06-17,5786,"RR","J",65,14,NA,2002-07-17,"RR",65
-81.1166666666667,29.8833333333333,-81.1333333333333,29.8666666666667,"20745","RED SNAPPER",2002-07-17,5787,"RR","J",65,14,NA,2003-04-12,"RR",68
-81.1166666666667,29.8833333333333,-81.1166666666667,29.8833333333333,"20746","RED SNAPPER",2002-06-17,5788,"RR","J",65,14,NA,2002-07-11,"RR",74
-80.8,29.9,-80.9,29.8333333333333,"20751","RED SNAPPER",2002-06-22,5795,"RR","J",95,12,NA,2002-06-27,"RR",70
-80.9,29.8333333333333,-80.95,29.8333333333333,"20751","RED SNAPPER",2002-06-27,5794,"RR","J",74,12,NA,2002-07-18,"RR",79
-80.9666666666667,29.6666666666667,-80.9666666666667,29.6666666666667,"20814","RED SNAPPER",2002-05-18,5862,"RR","J",65,15,NA,2002-05-25,"RR",50
-81.1166666666667,29.9,-81.1166666666667,29.9,"20825","RED SNAPPER",2002-05-18,5874,"RR","J",60,17,NA,2002-06-29,"RR",70
-80.85,29.9166666666667,-80.8333333333333,29.9166666666667,"20831","RED SNAPPER",2002-05-25,5881,"RR","J",90,18,NA,2002-06-14,"RR",90
-81.1166666666667,29.8833333333333,-81.1166666666667,29.9,"20844","RED SNAPPER",2002-06-01,5897,"RR","J",65,15,NA,2002-11-07,"RR",60
-81.1166666666667,29.8833333333333,-81.1166666666667,29.9,"20845","RED SNAPPER",2002-06-01,5898,"RR","J",65,18,NA,2002-11-27,"RR",56
-80.9666666666667,29.6666666666667,-80.9333333333333,29.7666666666667,"20850","RED SNAPPER",2002-05-25,5903,"RR","J",50,17,NA,2002-07-14,"RR",65
-81.0166666666667,30.2,-80.9833333333333,30.2,"20858","RED SNAPPER",2002-07-21,5913,"RR","J",90,13,NA,2004-01-05,"RR",92
-81.0166666666667,30.2,-80.9833333333333,30.2166666666667,"20863","RED SNAPPER",2002-07-21,5918,"RR","J",90,12,NA,2003-06-01,"RR",NA
-81.1166666666667,29.9,-81.1166666666667,29.9,"20885","RED SNAPPER",2002-07-17,5939,"RR","J",68,18,NA,2003-04-23,"RR",64
-80.9833333333333,29.8333333333333,-80.9666666666667,29.85,"21972","RED SNAPPER",1999-04-05,6320,"RR","J",80,15,NA,1999-05-11,"RR",70
-80.95,29.8333333333333,-80.95,29.8333333333333,"21976","RED SNAPPER",1999-04-05,6325,"RR","J",82,17,NA,1999-05-30,"RR",68
-80.7666666666667,29.7333333333333,-80.8333333333333,29.65,"21977","RED SNAPPER",1999-04-03,6326,"RR","J",80,14,NA,1999-08-20,"RR",84
-80.7833333333333,29.9,-80.8,29.9,"21979","RED SNAPPER",1999-04-02,6328,"RR","J",100,16,NA,1999-08-31,"RR",100
-81.2833333333333,29.9166666666667,-81.1166666666667,29.9,"22693","RED SNAPPER",1999-03-01,6840,"RR","",65,14,NA,1999-06-02,"RR",60
-81.2833333333333,29.9166666666667,-81.1166666666667,29.8833333333333,"22695","RED SNAPPER",1999-03-01,6842,"RR","",65,13,NA,1999-05-28,"RR",63
-80.8,29.9,-80.8,29.8833333333333,"22703","RED SNAPPER",2000-04-07,6853,"RR","J",103,17,NA,2001-06-24,"RR",110
-81.1166666666667,29.9,-81.1166666666667,29.9,"23178","RED SNAPPER",1999-04-23,7102,"RR","J",72,14,NA,1999-05-21,"RR",65
-81.1166666666667,29.8833333333333,-81.1166666666667,29.9,"23196","RED SNAPPER",1999-05-28,7120,"RR","",63,14,NA,1999-08-08,"RR",60
-81.1166666666667,29.8833333333333,-81.1166666666667,29.9,"23199","RED SNAPPER",1999-05-28,7125,"RR","",63,16,NA,1999-08-08,"RR",60
-81.1166666666667,29.9,-80.7666666666667,30.4833333333333,"23199","RED SNAPPER",1999-08-08,7124,"RR","J",60,18,NA,2000-10-21,"RR",148
-81.0833333333333,29.95,-81.0833333333333,29.95,"23379","RED SNAPPER",1999-04-15,7229,"RR","J",68,13,NA,1999-10-12,"RR",68
-80.8,29.9,-80.8,29.9,"23391","RED SNAPPER",1999-04-10,7242,"RR","J",100,16,NA,1999-05-07,"RR",100
-80.95,29.8333333333333,-80.9833333333333,29.8333333333333,"23393","RED SNAPPER",1999-04-09,7244,"RR","J",75,15,NA,2000-04-06,"RR",80
-81.1166666666667,29.9,-80.1166666666667,29.9,"23395","RED SNAPPER",1999-04-07,7246,"RR","J",65,15,NA,2000-02-19,"RR",65
-81.1166666666667,29.9,-81.1166666666667,29.9,"23400","RED SNAPPER",1999-04-06,7253,"RR","J",65,10,NA,1999-07-14,"RR",68
-81.0833333333333,29.9333333333333,-81.0833333333333,29.9333333333333,"24636","RED SNAPPER",1999-07-08,8374,"RR","J",70,16,NA,1999-10-24,"RR",68
-81.1166666666667,29.9,-81.1166666666667,29.9,"24641","RED SNAPPER",1999-07-08,8380,"RR","J",70,11.5,NA,1999-11-07,"RR",70
-81.1166666666667,29.9,-81.1166666666667,29.9,"24670","RED SNAPPER",1999-07-09,8410,"RR","J",70,14,NA,1999-07-30,"RR",62
-81.1166666666667,29.9,-81.1166666666667,29.9,"24680","RED SNAPPER",1999-07-09,8421,"RR","J",70,11,NA,1999-08-08,"RR",70
-81.15,30.2,-81.1166666666667,29.8833333333333,"24763","RED SNAPPER",1999-06-14,8511,"RR","",80,14,NA,1999-08-05,"RR",65
-81.1166666666667,29.9,-81.1166666666667,29.9,"24793","RED SNAPPER",1999-06-17,8544,"RR","J",70,17.5,NA,1999-07-13,"RR",65
-81.1166666666667,29.9,-81.1166666666667,29.9,"24911","RED SNAPPER",1999-08-12,8665,"RR","J",60,14,NA,1999-08-22,"RR",60
-80.8333333333333,29.65,-80.8333333333333,29.65,"24947","RED SNAPPER",1999-08-21,8706,"RR","J",80,12,NA,1999-09-06,"RR",80
-80.5833333333333,29.9,-80.5833333333333,29.9,"24953","RED SNAPPER",1999-08-02,8713,"RR","J",120,16,NA,2000-06-21,"RR",120
-80.8333333333333,29.65,-80.8333333333333,29.65,"24980","RED SNAPPER",1999-08-07,8741,"RR","J",85,13,NA,1999-08-21,"RR",80
-81.1166666666667,29.9,-81.1166666666667,29.9,"24995","RED SNAPPER",1999-08-10,8757,"RR","J",62,17,NA,2000-02-07,"RR",70
-81.1166666666667,29.9,-81.1166666666667,29.9,"25645","RED SNAPPER",2002-05-18,9372,"RR","J",60,16,NA,2002-07-13,"RR",70
-81.0833333333333,29.95,-81.1166666666667,29.9,"26202","RED SNAPPER",1999-06-30,9742,"RR","",69,16,NA,1999-08-12,"RR",60
-80.95,29.8333333333333,-80.3333333333333,29.8333333333333,"26224","RED SNAPPER",1999-07-04,9754,"RR","J",80,16,NA,2003-07-15,"RR",130
-81.1166666666667,29.9,-81.1166666666667,29.9,"26260","RED SNAPPER",1999-07-13,9796,"RR","J",65,11,NA,1999-11-13,"RR",65
-81.1166666666667,29.9,-81.1333333333333,29.9,"26261","RED SNAPPER",1999-07-13,9797,"RR","J",65,14,NA,1999-12-14,"RR",70
-80.9166666666667,29.6333333333333,-80.9666666666667,29.6666666666667,"26300","RED SNAPPER",1999-06-29,9853,"RR","",55,16,NA,1999-07-14,"RR",65
-81.1,29.9333333333333,-81.1,29.9333333333333,"26326","RED SNAPPER",1999-08-22,9880,"RR","J",60,NA,NA,1999-11-16,"RR",60
-81.1166666666667,29.9,-81.1166666666667,29.8833333333333,"26394","RED SNAPPER",1999-07-30,9953,"RR","J",62,9,NA,1999-08-20,"RR",60
-80.7333333333333,29.7666666666667,-80.7333333333333,29.7833333333333,"26582","RED SNAPPER",2005-07-29,37717,"RR","J",100,13,NA,2005-11-05,"RR",98
-81.1166666666667,29.9,-81.1166666666667,29.9,"26900","RED SNAPPER",2001-04-16,10333,"RR","J",65,12,NA,2001-05-16,"RR",70
-81.1166666666667,29.8666666666667,-81.1166666666667,29.8833333333333,"27621","RED SNAPPER",1999-07-10,10991,"RR","J",62,10.5,NA,1999-08-05,"RR",65
-81.1166666666667,29.9,-81.1166666666667,29.9,"27692","RED SNAPPER",1999-07-08,11037,"RR","J",70,10,NA,1999-07-19,"RR",70
-81.1166666666667,29.9,-81.1166666666667,29.9,"28024","RED SNAPPER",1999-06-20,11298,"RR","J",68,17,NA,1999-07-17,"RR",68
-81.1166666666667,29.9,-81.1333333333333,29.9,"28029","RED SNAPPER",1999-06-20,11304,"RR","J",68,15,NA,1999-07-31,"RR",65
-80.9333333333333,29.7666666666667,-80.95,29.8333333333333,"28081","RED SNAPPER",1999-05-29,11356,"RR","",70,17,NA,1999-07-04,"RR",80
-81.1333333333333,29.9,-81.1333333333333,29.9,"29230","RED SNAPPER",1999-11-07,12040,"RR","J",70,NA,NA,1999-11-20,"RR",70
-81.2,29.9166666666667,-81.2,29.9166666666667,"29246","RED SNAPPER",1999-12-28,12056,"RR","J",54,16,NA,2000-03-12,"RR",55
-81.1166666666667,29.9,-81.1166666666667,29.8666666666667,"29248","RED SNAPPER",1999-12-29,12058,"RR","J",65,14,NA,2001-05-15,"RR",68
-81.1166666666667,29.9,-81.1166666666667,29.9,"29251","RED SNAPPER",1999-12-29,12061,"RR","J",65,17,NA,2000-04-27,"RR",75
-81.1166666666667,29.9,-81.1333333333333,29.8833333333333,"29252","RED SNAPPER",1999-12-29,12064,"RR","J",65,14,NA,2000-08-21,"RR",68
-81.1166666666667,29.9,-81.1333333333333,29.8833333333333,"29254","RED SNAPPER",1999-12-29,12066,"RR","J",65,13,NA,2000-08-19,"RR",60
-81.1,29.9,-81.1166666666667,29.9,"29261","RED SNAPPER",1999-12-31,12076,"RR","J",65,13,NA,2000-10-19,"RR",70
-81.1,29.9,-81.1166666666667,29.9,"29263","RED SNAPPER",1999-12-31,12079,"RR","J",60,14,NA,2000-08-19,"RR",60
-81.1166666666667,29.9,-81.1166666666667,29.9,"29275","RED SNAPPER",2000-01-16,12087,"RR","J",65,16,NA,2000-06-17,"RR",70
-81.0166666666667,29.9333333333333,-81.0166666666667,29.9333333333333,"29301","RED SNAPPER",2000-03-02,12115,"RR","J",55,14,NA,2000-09-23,"RR",55
-81,30.2166666666667,-81,30.2166666666667,"29313","RED SNAPPER",2000-03-03,12128,"RR","J",90,17,NA,2000-12-16,"RR",90
-81,30.2166666666667,-81,30.2166666666667,"29316","RED SNAPPER",2000-03-04,12130,"RR","J",90,18,NA,2000-09-18,"RR",100
-81.2,29.9166666666667,-81.2,29.9,"29323","RED SNAPPER",2000-03-10,12138,"RR","J",54,14,NA,2000-04-21,"RR",54
-81.2,29.9166666666667,-81.2,29.9,"29325","RED SNAPPER",2000-03-10,12142,"RR","J",54,12,NA,2000-07-05,"RR",54
-80.7333333333333,29.7333333333333,-80.7333333333333,29.7333333333333,"29351","RED SNAPPER",2000-04-21,12170,"RR","J",110,16,NA,2000-05-21,"RR",100
-80.7666666666667,29.7333333333333,-80.9833333333333,29.8333333333333,"29355","RED SNAPPER",2000-04-21,12177,"RR","J",80,17,NA,2000-09-03,"RR",75
-81.1166666666667,29.9,-80.9833333333333,29.9,"29363","RED SNAPPER",2000-04-27,12186,"RR","",75,16,NA,2001-04-03,"RR",65
-80.9833333333333,29.8333333333333,-80.95,29.8333333333333,"29365","RED SNAPPER",2000-05-02,12189,"RR","J",85,16,NA,2001-09-01,"RR",80
-80.8333333333333,29.9166666666667,-80.8333333333333,29.9166666666667,"29372","RED SNAPPER",2000-05-08,12196,"RR","",90,18,NA,2000-11-07,"RR",95
-80.85,30,-80.9833333333333,29.8333333333333,"29376","RED SNAPPER",2000-05-08,12200,"RR","J",90,15,NA,2001-06-27,"RR",80
-81.1166666666667,29.9,-81.1166666666667,29.9,"29384","RED SNAPPER",2000-05-09,12210,"RR","",65,17,NA,2000-11-29,"RR",61
-80.9833333333333,29.8333333333333,-80.95,29.8333333333333,"29392","RED SNAPPER",2000-05-02,12218,"RR","J",83,18,NA,2001-05-31,"RR",65
-81.0333333333333,29.9,-81.1166666666667,29.9,"29803","RED SNAPPER",1999-10-22,12504,"RR","J",63,17,NA,2000-11-24,"RR",65
-81.0333333333333,29.9,-81.0333333333333,29.9,"29804","RED SNAPPER",1999-10-22,12505,"RR","J",63,17.5,NA,1999-12-20,"RR",63
-81.0333333333333,29.9,-81.0333333333333,29.9,"29807","RED SNAPPER",1999-10-22,12508,"RR","J",63,16.5,NA,1999-11-10,"RR",63
-80.8,29.9,-80.8,29.9,"30677","RED SNAPPER",2000-02-07,12969,"RR","J",100,16,NA,2000-11-01,"RR",140
-81.15,30.1833333333333,-81.15,30.1833333333333,"31011","RED SNAPPER",1999-09-09,13085,"RR","J",75,12,NA,1999-12-28,"RR",75
-81.15,30.1833333333333,-81.15,30.1833333333333,"31012","RED SNAPPER",1999-09-09,13086,"RR","J",75,11.25,NA,2000-04-27,"RR",78
-81.0833333333333,30.2,-81.0833333333333,30.2,"31025","RED SNAPPER",1999-09-09,13100,"RR","J",65,12.75,NA,2000-03-25,"RR",65
-81.0333333333333,29.9,-81.15,30.1833333333333,"31102","RED SNAPPER",1999-10-22,13185,"RR","J",63,11.25,NA,2000-04-27,"RR",78
-81,30.2166666666667,-81,30.25,"31627","RED SNAPPER",2000-08-15,13538,"RR","J",95,18,NA,2001-05-26,"DIVER",98
-81.1166666666667,29.9,-81.1166666666667,29.9,"33908","RED SNAPPER",2000-06-03,14666,"RR","J",74,14,NA,2001-06-05,"RR",70
-80.9333333333333,29.7666666666667,-80.9166666666667,29.75,"33916","RED SNAPPER",2000-06-03,14676,"RR","J",68,19,NA,2000-08-21,"RR",68
-81.1166666666667,29.9,-81.1333333333333,29.8666666666667,"33922","RED SNAPPER",2000-06-07,14684,"RR","J",74,14,NA,2001-12-28,"RR",68
-80.9833333333333,29.8333333333333,-80.9833333333333,29.8333333333333,"33933","RED SNAPPER",2000-06-10,14697,"RR","J",85,16,NA,2001-07-07,"RR",80
-81.1333333333333,29.8833333333333,-81.1333333333333,29.8833333333333,"33943","RED SNAPPER",2000-07-01,14709,"RR","J",60,17,NA,2000-07-31,"RR",60
-80.8166666666667,29.8333333333333,-80.35,30.0166666666667,"33944","RED SNAPPER",2000-06-20,14710,"RR","J",75,15,NA,2001-05-19,"RR",138
-81.1333333333333,29.8833333333333,-81.1166666666667,29.9,"33951","RED SNAPPER",2000-07-01,14717,"RR","J",60,12,NA,2000-07-25,"RR",65
-81.1166666666667,29.9,-81.1166666666667,29.8666666666667,"33979","RED SNAPPER",2000-08-16,14747,"RR","J",70,17,NA,2001-06-28,"RR",68
-81.1166666666667,29.9,-81.1166666666667,29.8666666666667,"33981","RED SNAPPER",2000-08-16,14751,"RR","J",70,13,NA,2001-05-15,"RR",68
-81.1166666666667,29.9,-81.1166666666667,29.9,"33998","RED SNAPPER",2000-07-06,14771,"RR","J",75,10,NA,2001-06-06,"RR",68
-81.1166666666667,29.9,-80.9833333333333,29.9,"34111","RED SNAPPER",2000-10-19,14889,"RR","J",70,13,NA,2001-04-10,"RR",65
-80.9833333333333,29.9,-81.1166666666667,29.9,"34111","RED SNAPPER",2001-04-10,14891,"RR","",65,15,NA,2001-05-16,"RR",70
-81.1166666666667,29.9,-81.1166666666667,29.9,"34113","RED SNAPPER",2000-10-21,14894,"RR","J",70,14,NA,2001-04-16,"RR",65
-81.1166666666667,29.9,-81.1166666666667,29.8666666666667,"34113","RED SNAPPER",2001-04-16,14895,"RR","J",65,16,NA,2001-05-15,"RR",68
-81.1,29.9166666666667,-81.1,29.9166666666667,"34114","RED SNAPPER",2000-10-27,14898,"RR","J",65,15,NA,2000-11-07,"RR",65
-81,30.25,-80.95,30.25,"34122","RED SNAPPER",2000-10-29,14906,"RR","J",100,13,NA,2000-11-02,"RR",84
-81.1166666666667,29.9,-81,29.9,"34152","RED SNAPPER",2001-04-07,14936,"RR","J",65,16,NA,2001-07-07,"RR",60
-81.1166666666667,29.9,-81.1166666666667,29.9,"34179","RED SNAPPER",2001-04-07,14963,"RR","J",65,14,NA,2001-05-20,"RR",65
-80.8333333333333,29.9166666666667,-80.85,29.9166666666667,"37448","RED SNAPPER",2001-06-13,16799,"RR","J",95,15,NA,2001-08-11,"RR",85
-80.9166666666667,29.8333333333333,-81.1166666666667,29.9,"38115","RED SNAPPER",2001-09-07,17058,"RR","J",80,15,NA,2001-12-15,"RR",70
-80.9166666666667,29.8333333333333,-81.1166666666667,29.8833333333333,"38117","RED SNAPPER",2001-09-07,17061,"RR","J",80,17,NA,2001-11-11,"RR",65
-81.1166666666667,29.9166666666667,-81.1166666666667,29.9,"38136","RED SNAPPER",2001-09-23,17085,"RR","J",70,16,NA,2001-11-11,"RR",65
-81.1166666666667,29.9,-81.1166666666667,29.9,"38149","RED SNAPPER",2001-10-04,17103,"RR","J",68,10,NA,2001-12-01,"RR",70
-80.9833333333333,29.8333333333333,-80.9666666666667,29.85,"38152","RED SNAPPER",2001-09-01,17106,"RR","J",75,18,NA,2001-12-08,"RR",70
-80.9833333333333,29.8333333333333,-80.9833333333333,29.8333333333333,"38154","RED SNAPPER",2001-09-01,17108,"RR","J",75,18,NA,2001-10-20,"RR",83
-80.9833333333333,29.8333333333333,-80.95,29.8333333333333,"38155","RED SNAPPER",2001-09-01,17111,"RR","J",75,14,NA,2001-11-25,"RR",80
-81.1166666666667,29.9,-81.1166666666667,29.9833333333333,"38158","RED SNAPPER",2001-08-29,17115,"RR","J",65,12,NA,2001-10-03,"RR",62
-81.1166666666667,29.9,-81.1166666666667,29.8833333333333,"38159","RED SNAPPER",2001-08-29,17117,"RR","J",65,14,NA,2001-10-03,"RR",62
-81.1166666666667,29.9,-81.1166666666667,29.9,"38162","RED SNAPPER",2001-08-29,17121,"RR","J",65,14,NA,2001-09-23,"RR",70
-81.1166666666667,29.9,-81.1333333333333,29.8666666666667,"38168","RED SNAPPER",2001-08-29,17131,"RR","J",65,16,NA,2001-12-28,"RR",68
-80.9833333333333,29.8333333333333,-81.1166666666667,29.9,"38175","RED SNAPPER",2001-08-24,17139,"RR","J",70,18,NA,2001-08-29,"RR",65
-81.1166666666667,29.9,-81.1166666666667,29.9,"38183","RED SNAPPER",2001-08-21,17148,"RR","J",65,18,NA,2001-10-11,"RR",69
-81.1166666666667,29.9,-81.0833333333333,29.9333333333333,"38191","RED SNAPPER",2001-08-16,17158,"RR","J",70,14,NA,2001-10-03,"RR",69
-81.1,29.9333333333333,-81.1166666666667,29.9,"38191","RED SNAPPER",2001-11-11,17160,"RR","J",65,16,NA,2002-06-17,"RR",65
-80.9,29.5833333333333,-80.8833333333333,29.5833333333333,"38420","RED SNAPPER",2001-05-31,17406,"RR","J",65,17,NA,2001-07-06,"RR",75
-80.9,29.5833333333333,-80.8833333333333,29.5833333333333,"38421","RED SNAPPER",2001-05-31,17407,"RR","J",65,18,NA,2001-07-06,"RR",75
-80.9,29.5833333333333,-80.9,29.5833333333333,"38425","RED SNAPPER",2001-05-31,17410,"RR","J",65,17,NA,2001-07-07,"RR",65
-80.9666666666667,29.6666666666667,-80.9666666666667,29.8333333333333,"38426","RED SNAPPER",2001-05-31,17411,"RR","J",65,18,NA,2001-08-24,"RR",70
-80.8,29.9,-80.8333333333333,29.9166666666667,"38467","RED SNAPPER",2001-05-19,17450,"RR","J",100,15,NA,2001-06-15,"RR",90
-80.8,29.9,-80.8333333333333,29.9166666666667,"38473","RED SNAPPER",2001-05-21,17457,"RR","J",100,16,NA,2001-06-06,"RR",90
-80.8,29.9,-80.85,29.9166666666667,"38478","RED SNAPPER",2001-05-21,17463,"RR","J",100,19,NA,2001-08-15,"RR",85
-80.8,29.9,-80.8333333333333,29.9166666666667,"38483","RED SNAPPER",2001-05-19,17470,"RR","J",100,16,NA,2001-06-15,"RR",90
-80.7666666666667,29.7333333333333,-80.7666666666667,29.7333333333333,"38488","RED SNAPPER",2001-05-18,17476,"","J",75,16,NA,2001-06-03,"RR",70
-80.8333333333333,29.8833333333333,-80.9,29.5833333333333,"38497","RED SNAPPER",2001-04-28,17487,"RR","J",80,14,NA,2001-05-31,"RR",65
-80.8,29.9,-80.95,29.8333333333333,"38501","RED SNAPPER",2001-04-10,17492,"RR","J",103,14,NA,2002-07-04,"RR",75
-80.8,29.9,-81.1166666666667,29.9,"38502","RED SNAPPER",2001-04-10,17494,"RR","J",103,18,NA,2001-04-16,"RR",65
-80.8,29.9,-81.1166666666667,29.9,"38503","RED SNAPPER",2001-04-10,17497,"RR","J",103,19,NA,2001-12-15,"RR",NA
-80.8,29.9,-81.1166666666667,29.8666666666667,"38505","RED SNAPPER",2001-04-10,17499,"RR","J",103,16,NA,2001-05-15,"RR",68
-81.1166666666667,29.9,-81.1166666666667,29.9,"38505","RED SNAPPER",2001-06-21,17502,"RR","J",74,19,NA,2001-08-29,"RR",65
-80.8,29.9,-81.1166666666667,29.9,"38507","RED SNAPPER",2001-04-10,17506,"RR","J",103,14,NA,2001-06-06,"RR",68
-80.95,29.8333333333333,-80.9666666666667,29.85,"38509","RED SNAPPER",2001-10-20,17509,"RR","J",85,12,NA,2003-06-07,"RR",63
-81.0833333333333,30.2,-81.0666666666667,30.2,"38566","RED SNAPPER",2001-06-26,17527,"RR","J",65,19,NA,2002-04-02,"RR",NA
-80.8333333333333,29.9166666666667,-80.8333333333333,29.9166666666667,"38598","RED SNAPPER",2001-06-06,17560,"RR","J",90,15,NA,2001-06-13,"RR",95
-81.1166666666667,29.9,-81.1166666666667,29.9,"40358","RED SNAPPER",2002-07-05,18832,"RR","J",66,16.5,NA,2002-07-20,"RR",73
-81.1166666666667,29.9,-81.1166666666667,29.9,"40358","RED SNAPPER",2002-07-20,18833,"RR","J",73,17,NA,2003-05-03,"RR",68
-81.1166666666667,29.9,-81.1166666666667,29.9,"44302","RED SNAPPER",2003-05-03,26253,"RR","J",68,16,NA,2003-11-07,"RR",70
-81.1166666666667,29.8833333333333,-81.1166666666667,29.9,"44309","RED SNAPPER",2003-04-02,25615,"RR","J",70,13,NA,2003-05-05,"RR",64
-81.1166666666667,29.9,-81.1166666666667,29.9,"44511","RED SNAPPER",2003-04-23,25988,"RR","J",64,14,NA,2003-05-03,"RR",68
-81.1166666666667,29.9,-81.1166666666667,29.9,"44522","RED SNAPPER",2003-04-23,25993,"RR","J",64,18,NA,2003-05-03,"RR",68
-81.1166666666667,29.9,-81.1166666666667,29.8666666666667,"44523","RED SNAPPER",2003-04-23,25994,"RR","J",64,13,NA,2003-09-20,"RR",65
-81.1166666666667,29.9,-81.1166666666667,29.9,"44526","RED SNAPPER",2003-04-24,26007,"RR","J",64,13,NA,2003-10-27,"RR",75
-81.1166666666667,29.9,-81.1,29.9,"44529","RED SNAPPER",2003-04-24,25996,"RR","J",64,14,NA,2003-10-07,"RR",64
-81.1166666666667,29.9,-81.1166666666667,29.9,"44536","RED SNAPPER",2003-04-24,26002,"RR","J",64,15,NA,2003-05-17,"RR",70
-81.1166666666667,29.9,-81.1166666666667,29.9,"44556","RED SNAPPER",2003-04-26,26060,"RR","J",65,15,NA,2003-07-21,"RR",60
-81.1166666666667,29.9,-81.1166666666667,29.9,"44559","RED SNAPPER",2003-05-03,26245,"RR","J",68,15,NA,2003-10-24,"RR",68
-81.1166666666667,29.9,-81.1166666666667,29.9,"44563","RED SNAPPER",2003-05-03,26249,"RR","J",68,15,NA,2003-10-13,"RR",73
-81.1166666666667,29.9,-80.6,29.9833333333333,"44563","RED SNAPPER",2003-10-13,28798,"RR","J",73,18,NA,2005-05-30,"RR",120
-81.1166666666667,29.9,-81.1166666666667,29.9,"44570","RED SNAPPER",2003-05-03,26259,"RR","J",68,17,NA,2003-09-21,"RR",70
-81.1166666666667,29.9,-81.0833333333333,29.9333333333333,"44580","RED SNAPPER",2003-05-05,26090,"RR","J",64,15,NA,2003-05-18,"RR",68
-81.1166666666667,29.9,-81.1166666666667,29.9,"44586","RED SNAPPER",2003-05-05,26096,"RR","J",64,16,NA,2003-09-13,"RR",70
-81.1166666666667,29.9,-81.1166666666667,29.9,"44586","RED SNAPPER",2003-09-13,28795,"RR","J",70,18,NA,2003-11-16,"RR",50
-81.1166666666667,29.9,-81.1166666666667,29.9,"44593","RED SNAPPER",2003-05-03,26263,"RR","J",68,17,NA,2003-09-13,"RR",70
-81.1166666666667,29.9,-81.1166666666667,29.9,"45005","RED SNAPPER",2003-05-17,26490,"RR","J",70,18,NA,2003-11-07,"RR",65
-81.1333333333333,29.8666666666667,-81.1166666666667,29.8833333333333,"45051","RED SNAPPER",2004-07-08,30447,"RR","J",72,12,NA,2005-05-19,"RR",63
-81.1333333333333,29.8666666666667,-81.1166666666667,29.8833333333333,"45054","RED SNAPPER",2004-07-08,30450,"RR","J",72,13,NA,2004-10-02,"",NA
-80.9833333333333,29.8333333333333,-80.95,29.8333333333333,"46086","RED SNAPPER",2003-10-17,28375,"RR","J",76,19,NA,2004-07-01,"RR",NA
-80.9833333333333,29.8333333333333,-80.9833333333333,29.8333333333333,"47233","RED SNAPPER",2004-10-24,31833,"RR","J",76,18,NA,2005-10-24,"RR",78
-80.7666666666667,29.8333333333333,-81.1,30.0166666666667,"47235","RED SNAPPER",2004-11-13,32370,"RR","J",100,17,NA,2005-10-20,"RR",100
-80.9666666666667,30.25,-80.9833333333333,30.2333333333333,"47282","RED SNAPPER",2004-10-16,31740,"RR","J",95,18,NA,2004-11-07,"RR",90
-80.9666666666667,30.25,-80.9833333333333,30.2833333333333,"47286","RED SNAPPER",2004-10-16,31733,"RR","J",95,16,NA,2006-07-20,"RR",95
-81.1166666666667,29.9,-81.1166666666667,29.9,"47290","RED SNAPPER",2004-10-15,31728,"RR","J",70,16,NA,2004-11-19,"RR",60
-81.1166666666667,29.9,-81.1166666666667,29.9,"47291","RED SNAPPER",2004-10-15,31727,"RR","J",70,14,NA,2004-10-31,"RR",74
-81.1166666666667,29.9,-81.1166666666667,29.9,"47297","RED SNAPPER",2004-10-15,31721,"RR","J",70,16,NA,2005-08-16,"RR",70
-81.1166666666667,29.9,-81.1166666666667,29.9,"47334","RED SNAPPER",2005-05-19,34811,"RR","J",69,16,NA,2005-10-15,"RR",70
-81.1166666666667,29.9,-81.1166666666667,29.9,"47347","RED SNAPPER",2005-05-14,34753,"RR","J",74,18,NA,2005-08-16,"RR",69
-81.1166666666667,29.9,-81.1166666666667,29.9,"47348","RED SNAPPER",2005-05-14,34752,"RR","J",74,13,NA,2005-08-20,"RR",70
-81.0833333333333,30.2,-81.0833333333333,30.2,"47371","RED SNAPPER",2004-11-26,33053,"RR","J",78,17,NA,2005-08-12,"RR",79
-81.0833333333333,30.2,-81.0833333333333,30.2,"47372","RED SNAPPER",2004-11-26,33052,"RR","J",78,19,NA,2005-09-18,"RR",69
-81.1666666666667,30.1833333333333,-80.8166666666667,30.2833333333333,"47381","RED SNAPPER",2004-11-26,33069,"RR","J",74,13,NA,2005-01-09,"RR",90
-80.7333333333333,29.7666666666667,-81.1166666666667,29.8833333333333,"47395","RED SNAPPER",2004-11-20,32391,"RR","J",95,13,NA,2005-07-23,"RR",68
-81.1166666666667,29.8833333333333,-81.1166666666667,29.8833333333333,"47940","RED SNAPPER",2004-08-04,31045,"RR","J",69,11,NA,2004-08-29,"RR",67
-81.0833333333333,29.9333333333333,-81.0833333333333,29.9166666666667,"47947","RED SNAPPER",2004-08-05,30938,"RR","J",71,13,NA,2004-08-29,"RR",69
-81.1166666666667,29.9,-81.1166666666667,29.9,"48201","RED SNAPPER",2004-10-06,31693,"RR","J",68,12,NA,2004-10-15,"RR",70
-80.8333333333333,29.9166666666667,-81.2833333333333,29.9166666666667,"48220","RED SNAPPER",2004-10-08,31577,"RR","J",95,18,NA,2004-12-07,"RR",95
-80.8,29.9,-80.8,29.9,"48235","RED SNAPPER",2004-10-08,31594,"RR","J",100,14,NA,2005-06-04,"RR",95
-80.8,29.9,-80.6666666666667,29.8,"48238","RED SNAPPER",2004-10-08,31597,"RR","J",100,16,NA,2004-10-30,"RR",100
-80.7333333333333,29.7666666666667,-80.7333333333333,29.7333333333333,"48267","RED SNAPPER",2004-09-18,31432,"RR","J",95,15,NA,2004-10-02,"RR",99
-80.7333333333333,29.7333333333333,-80.7333333333333,29.7333333333333,"48273","RED SNAPPER",2004-10-02,31444,"RR","J",99,15,NA,2004-11-20,"RR",110
-80.7333333333333,29.7333333333333,-80.7333333333333,29.7333333333333,"48274","RED SNAPPER",2004-10-02,31445,"RR","J",99,15,NA,2004-11-20,"RR",110
-81.1166666666667,29.9,-81.1166666666667,29.9,"48297","RED SNAPPER",2004-10-06,31691,"RR","J",68,14,NA,2005-05-29,"RR",69
-81.1166666666667,29.9,-81.1166666666667,29.9,"48297","RED SNAPPER",2005-05-29,36015,"RR","J",69,17,NA,2005-08-20,"RR",70
-80.9666666666667,29.6666666666667,-80.9666666666667,29.6666666666667,"49613","RED SNAPPER",2005-07-22,37531,"RR","J",68,18.5,NA,2005-10-23,"RR",65
-81.1333333333333,29.8666666666667,-81.1166666666667,29.9,"50317","RED SNAPPER",2004-08-18,31127,"RR","J",69,14,NA,2004-10-06,"RR",68
-81.1166666666667,29.9,-81.1166666666667,29.9,"50317","RED SNAPPER",2004-10-06,31696,"RR","J",68,14,NA,2004-10-31,"RR",80
-81.1166666666667,29.8833333333333,-81.1166666666667,29.8833333333333,"50330","RED SNAPPER",2004-08-18,31140,"RR","J",68,14,NA,2005-06-04,"RR",65
-80.7333333333333,29.7333333333333,-80.7333333333333,29.7333333333333,"50336","RED SNAPPER",2004-08-19,31152,"RR","J",120,17,NA,2004-09-18,"RR",110
-80.7333333333333,29.7333333333333,-80.7333333333333,29.7333333333333,"50339","RED SNAPPER",2004-08-19,31154,"RR","J",120,15,NA,2004-09-18,"RR",110
-80.7333333333333,29.7333333333333,-80.7333333333333,29.7333333333333,"50347","RED SNAPPER",2004-08-19,31163,"RR","J",120,16,NA,2004-10-02,"RR",99
-80.6666666666667,29.8,-80.8,29.8833333333333,"51830","RED SNAPPER",2004-10-30,32019,"RR","J",100,19.5,NA,2005-05-20,"RR",97
-80.6666666666667,29.8,-80.8,29.9,"51832","RED SNAPPER",2004-10-30,32018,"RR","J",100,15,NA,2005-06-04,"RR",95
-81.1333333333333,29.8666666666667,-81.1166666666667,29.85,"51850","RED SNAPPER",2004-10-31,32036,"RR","J",70,15,NA,2005-07-14,"RR",60
-81.1166666666667,29.9,-81.1333333333333,29.8833333333333,"51863","RED SNAPPER",2004-10-31,32052,"RR","J",74,18,NA,2005-04-08,"RR",68
-81.1166666666667,29.9,-81.1166666666667,29.9,"52961","RED SNAPPER",2005-06-06,37190,"RR","J",70,16,NA,2005-09-29,"RR",70
-81.1166666666667,29.8833333333333,-81.1166666666667,29.9,"52967","RED SNAPPER",2005-06-04,37185,"RR","J",65,17,NA,2005-09-29,"RR",70
-81.1166666666667,29.9,-81.1166666666667,29.9,"53037","RED SNAPPER",2005-08-16,35258,"RR","J",72,19,NA,2006-01-28,"RR",68
-81.1166666666667,29.9,-81.1166666666667,29.9,"53038","RED SNAPPER",2005-08-16,35257,"RR","J",69,17,NA,2006-01-12,"RR",65
-81.1166666666667,29.9,-81.1166666666667,29.9,"53703","RED SNAPPER",2005-07-25,37703,"RR","J",65,19,NA,2005-10-08,"RR",65
-81.15,29.8833333333333,-80.7666666666667,29.8333333333333,"53718","RED SNAPPER",2005-07-18,37463,"RR","J",69,14,NA,2006-01-12,"RR",65
-80.95,29.8333333333333,-80.95,29.8333333333333,"53723","RED SNAPPER",2005-07-09,37349,"RR","J",75,15,NA,2005-09-17,"RR",80
-80.7833333333333,29.7333333333333,-80.8333333333333,29.9166666666667,"53797","RED SNAPPER",2005-10-22,36310,"RR","J",75,19,NA,2006-04-23,"RR",85
-80.8333333333333,29.9166666666667,-80.85,29.9166666666667,"G38833","RED SNAPPER",2001-06-13,21999,"RR","J",95,11.75,NA,2001-07-30,"RR",85
-80.95,29.8333333333333,-80.9,29.8333333333333,"G38917","RED SNAPPER",2001-10-13,22064,"RR","J",80,19,NA,2002-06-25,"RR",74
-80.95,29.8333333333333,-80.9,29.8333333333333,"G38918","RED SNAPPER",2001-10-13,22065,"RR","J",80,16,NA,2002-06-25,"RR",74
-80.95,29.8333333333333,-81,29.05,"G39306","RED SNAPPER",2002-06-16,22331,"RR","J",74,9,NA,2003-06-01,"RR",NA
-81.1166666666667,29.9,-81.1166666666667,29.8666666666667,"G42612","RED SNAPPER",2003-05-05,26088,"RR","J",64,13,NA,2003-09-20,"RR",68
-81.1166666666667,29.8833333333333,-81.1166666666667,29.9,"G42662","RED SNAPPER",2004-07-26,30827,"RR","J",69,12,NA,2005-09-29,"RR",70
-81.1166666666667,29.9,-81.1166666666667,29.8833333333333,"G44204","RED SNAPPER",2003-11-22,28464,"RR","J",75,13,NA,2004-01-01,"RR",70
-81.1166666666667,29.9,-81.1166666666667,29.8833333333333,"G44213","RED SNAPPER",2003-11-22,28473,"RR","J",75,13,NA,2004-07-19,"RR",68
-81.1166666666667,29.9,-81.1166666666667,29.9,"G44231","RED SNAPPER",2003-11-22,28491,"RR","J",75,12,NA,2004-07-24,"RR",75
-81.1166666666667,29.8833333333333,-81.1166666666667,29.8833333333333,"G51568","RED SNAPPER",2004-10-31,32046,"RR","J",74,10,NA,2005-07-14,"RR",68
-80.7333333333333,29.7666666666667,-80.3833333333333,29.9833333333333,"G51922","RED SNAPPER",2004-10-09,31615,"RR","J",95,16,NA,2005-07-14,"RR",123
-81.1166666666667,29.9,-81.1166666666667,29.9,"G51927","RED SNAPPER",2004-10-14,31713,"RR","J",72,12,NA,2005-01-06,"RR",67
-81.1333333333333,29.8666666666667,-81.1333333333333,29.8666666666667,"G51929","RED SNAPPER",2004-10-14,31702,"RR","J",66,12,NA,2004-10-31,"RR",70
-81.1333333333333,29.8666666666667,-81.1333333333333,29.8666666666667,"G51934","RED SNAPPER",2004-10-14,31697,"RR","J",66,15.5,NA,2004-10-31,"RR",70
-85.8833333333333,30.15,-85.8833333333333,30.15,"25198","RED SNAPPER",1999-08-07,8961,"RR","J",70,13.25,NA,2000-06-20,"RR",70
-85.7666666666667,29.85,-85.7666666666667,29.85,"25239","RED SNAPPER",1999-08-08,9002,"RR","J",98,12.5,NA,2000-02-02,"RR",98
-85.7666666666667,29.85,-85.7666666666667,29.85,"25252","RED SNAPPER",1999-08-08,9016,"RR","J",98,15.5,NA,1999-08-31,"RR",93
-85.7666666666667,29.85,-85.7666666666667,29.85,"25254","RED SNAPPER",1999-08-08,9019,"RR","J",98,14.75,NA,1999-08-31,"RR",98
-85.8166666666667,29.8166666666667,-85.8166666666667,29.8166666666667,"25495","RED SNAPPER",1999-07-21,9260,"RR","J",104,15.75,NA,2000-06-30,"ERR",100
-85.8833333333333,30.1,-85.8666666666667,30.1,"27272","RED SNAPPER",1999-07-22,10713,"RR","J",80,11,NA,1999-08-05,"RR",76
-85.8666666666667,30.1,-85.8666666666667,30.1,"27300","RED SNAPPER",1999-07-22,10740,"RR","J",80,13.5,NA,2000-09-28,"RR",100
-85.8333333333333,29.8,-85.85,29.85,"27531","RED SNAPPER",1999-07-21,10898,"RR","J",105,13,NA,2000-07-12,"RR",105
-85.8333333333333,29.8,-85.8333333333333,29.8,"27538","RED SNAPPER",1999-07-21,10906,"RR","J",105,11.75,NA,1999-08-08,"RR",105
-85.8166666666667,29.8666666666667,-85.7666666666667,29.85,"27565","RED SNAPPER",1999-07-21,10935,"RR","J",103,11.5,NA,1999-08-08,"RR",103
-85.8166666666667,29.8666666666667,-85.8166666666667,29.8666666666667,"27591","RED SNAPPER",1999-07-21,10961,"RR","J",103,12.25,NA,1999-08-08,"RR",103
-85.8,29.7666666666667,-85.8166666666667,29.7666666666667,"28171","RED SNAPPER",1999-07-21,11447,"RR","J",110,12.25,NA,1999-08-08,"RR",105
-85.8666666666667,29.9166666666667,-85.8666666666667,29.9166666666667,"28441","RED SNAPPER",1999-09-22,11636,"RR","J",106,12.75,NA,2000-04-26,"",NA
-85.8166666666667,29.9666666666667,-85.85,29.95,"28489","RED SNAPPER",1999-09-22,11687,"RR","J",87,9.5,NA,1999-11-23,"RR",98
-85.95,29.8833333333333,-85.95,29.95,"28609","RED SNAPPER",1999-09-23,11768,"RR","J",114,14.5,NA,2000-08-04,"RR",119
-85.95,29.8833333333333,-85.8666666666667,29.8666666666667,"28611","RED SNAPPER",1999-09-23,11771,"RR","J",114,12.25,NA,2000-09-07,"RR",120
-85.9833333333333,29.9333333333333,-85.9666666666667,29.9333333333333,"28614","RED SNAPPER",1999-09-23,11774,"RR","J",110,14.5,NA,1999-11-19,"RR",111
-85.9833333333333,29.9333333333333,-85.95,29.95,"28616","RED SNAPPER",1999-09-23,11777,"RR","J",110,13,NA,2000-08-15,"RR",98.5
-85.85,29.95,-85.85,29.95,"29439","RED SNAPPER",1999-09-22,12267,"RR","J",98,14.5,NA,2000-04-26,"",NA
-85.85,29.95,-85.85,29.95,"29441","RED SNAPPER",1999-09-22,12269,"RR","J",98,14.75,NA,2000-04-26,"RR",NA
-85.85,29.95,-85.7666666666667,29.9,"29446","RED SNAPPER",1999-09-22,12274,"RR","J",98,15,NA,2001-05-21,"RR",105
-85.85,29.95,-85.85,29.95,"29449","RED SNAPPER",1999-09-22,12277,"RR","J",98,14.75,NA,2000-05-13,"RR",110
-85.8166666666667,29.9666666666667,-85.95,29.95,"29472","RED SNAPPER",1999-09-22,12301,"RR","J",87,14,NA,1999-10-23,"RR",98
-85.95,29.95,-85.95,29.95,"29489","RED SNAPPER",1999-09-23,12320,"RR","J",98,12.5,NA,1999-10-18,"RR",110
-85.8,29.8,-82.6833333333333,27.7,"29505","RED SNAPPER",1999-08-08,12335,"RR","J",105,12.75,NA,2000-05-21,"RR",3
-85.8333333333333,29.8,-85.8333333333333,29.8,"29533","RED SNAPPER",1999-08-08,12362,"RR","J",105,14.25,NA,2001-07-23,"RR",125
-85.9666666666667,29.9333333333333,-85.9666666666667,29.9333333333333,"30512","RED SNAPPER",1999-11-20,12849,"RR","J",111,14.75,NA,2000-05-26,"RR",90
-85.9666666666667,29.9333333333333,-85.9666666666667,29.9333333333333,"30518","RED SNAPPER",1999-11-20,12855,"RR","J",111,16,NA,2000-05-26,"RR",90
-85.9666666666667,29.9333333333333,-85.9666666666667,29.9333333333333,"30525","RED SNAPPER",1999-11-20,12863,"RR","J",111,14.75,NA,2000-05-26,"RR",90
-85.9666666666667,29.9333333333333,-85.9666666666667,29.9333333333333,"30526","RED SNAPPER",1999-11-20,12864,"RR","J",111,14,NA,2000-05-26,"RR",90
-85.9666666666667,29.9333333333333,-85.9666666666667,29.9333333333333,"30530","RED SNAPPER",1999-11-20,12868,"RR","J",111,18,NA,2000-05-08,"RR",111
-85.9833333333333,29.8833333333333,-82.6833333333333,29.7,"30554","RED SNAPPER",1999-11-20,12892,"RR","J",116,14.25,NA,2000-05-17,"RR",3
-85.9833333333333,29.8833333333333,-85.9833333333333,29.8833333333333,"30558","RED SNAPPER",1999-11-20,12896,"RR","J",116,16.25,NA,2000-05-08,"RR",116
-85.8833333333333,30.15,-85.8833333333333,30.15,"32224","RED SNAPPER",1999-08-06,13752,"RR","J",68,10.25,NA,1999-08-07,"RR",70
-85.95,29.95,-85.9333333333333,29.95,"32305","RED SNAPPER",1999-09-23,13835,"RR","J",98,9.75,NA,2001-05-11,"RR",100
-86,30.1333333333333,-86.0333333333333,30.1666666666667,"38314","RED SNAPPER",2001-06-27,17295,"RR","J",83,12.5,NA,2001-07-07,"RR",85
-86,30.15,-85.6666666666667,29.5,"38344","RED SNAPPER",2001-06-27,17329,"RR","J",83,13.5,NA,2003-07-26,"RR",80
-85.9333333333333,30.0833333333333,-85.9333333333333,30.0833333333333,"39652","RED SNAPPER",2001-07-18,18332,"RR","J",87,13,NA,2002-01-22,"RR",87
-85.8166666666667,29.9166666666667,-85.8166666666667,29.9166666666667,"41815","RED SNAPPER",2003-05-06,26104,"RR","CIRCLE",100,13.5,NA,2004-06-23,"RR",104
-85.8166666666667,29.9166666666667,-85.8166666666667,29.9166666666667,"41818","RED SNAPPER",2003-05-06,26110,"RR","CIRCLE",100,14.25,NA,2004-06-08,"RR",89
-85.8666666666667,29.9666666666667,-85.7666666666667,29.95,"41828","RED SNAPPER",2003-05-06,26127,"RR","CIRCLE",103,12,NA,2004-07-02,"RR",94
-85.8833333333333,29.55,-81.1333333333333,29.8833333333333,"G40738","RED SNAPPER",2001-09-27,23007,"RR","J",133,11.5,NA,2003-05-17,"RR",64
-86.5,30.3166666666667,-86.5166666666667,30.3,"22896","RED SNAPPER",2001-02-20,6961,"RR","",80,17,NA,2001-06-26,"RR",91
-86.5,30.3166666666667,-86.4666666666667,30.3333333333333,"22898","RED SNAPPER",2000-10-30,6963,"RR","",80,13,NA,2002-05-21,"RR",85
-86.5,30.3166666666667,-86.5,30.3,"22900","RED SNAPPER",2001-02-20,6966,"RR","",80,13,NA,2001-07-20,"RR",85
-86.5,30.3166666666667,-86.5166666666667,30.3,"28270","RED SNAPPER",2001-02-20,11498,"RR","",80,13,NA,2001-06-15,"RR",85
-86.5166666666667,30.3166666666667,-86.5666666666667,30.3166666666667,"28279","RED SNAPPER",2000-10-30,11508,"RR","",80,14,NA,2001-08-26,"RR",90
-86.5166666666667,30.3166666666667,-86.5166666666667,30.3166666666667,"36210","RED SNAPPER",2001-05-02,16150,"RR","CIRCLE",85,13,NA,2001-10-30,"RR",75
-86.5,30.3166666666667,-86.5166666666667,30.3166666666667,"36211","RED SNAPPER",2001-05-08,16151,"RR","CIRCLE",75,12,NA,2001-10-24,"RR",80
-86.5166666666667,30.3166666666667,-86.5166666666667,30.3166666666667,"36238","RED SNAPPER",2001-05-24,16169,"RR","CIRCLE",85,14,NA,2001-10-30,"RR",75
-86.5166666666667,30.3166666666667,-85.6833333333333,29.95,"36240","RED SNAPPER",2001-05-24,16171,"RR","CIRCLE",85,14,NA,2001-07-05,"RR",50
-86.5166666666667,30.3,-86.5,30.3166666666667,"37761","RED SNAPPER",2001-05-15,16962,"RR","CIRCLE",80,12,NA,2001-06-05,"RR",80
-86.5166666666667,30.3,-86.5166666666667,30.3166666666667,"37764","RED SNAPPER",2001-05-15,16967,"RR","CIRCLE",80,15,NA,2001-06-21,"RR",85
-86.5,30.3166666666667,-86.5,30.3166666666667,"37983","RED SNAPPER",2001-05-31,17008,"RR","CIRCLE",80,10,NA,2001-09-19,"RR",80
-86.5,30.3166666666667,-86.5166666666667,30.3166666666667,"39702","RED SNAPPER",2001-09-27,18383,"RR","CIRCLE",85,15,NA,2001-10-16,"RR",80
-86.5,30.3166666666667,-86.5166666666667,30.3166666666667,"39704","RED SNAPPER",2001-09-27,18386,"RR","CIRCLE",85,15,NA,2001-10-16,"RR",80
-86.5,30.3166666666667,-86.5166666666667,30.3166666666667,"39707","RED SNAPPER",2001-10-03,18390,"RR","CIRCLE",85,12,NA,2001-10-24,"RR",80
-86.5166666666667,30.3166666666667,-86.5166666666667,30.3166666666667,"39707","RED SNAPPER",2001-10-24,18391,"RR","CIRCLE",80,12,NA,2002-07-01,"RR",85
-86.5,30.3166666666667,-86.5,30.3,"39709","RED SNAPPER",2001-10-03,18395,"RR","CIRCLE",85,15,NA,2001-10-31,"RR",80
-86.5,30.3166666666667,-86.5166666666667,30.3166666666667,"39710","RED SNAPPER",2001-10-03,18396,"RR","CIRCLE",85,12,NA,2002-05-27,"RR",85
-86.5,30.3166666666667,-86.5,30.3166666666667,"39716","RED SNAPPER",2001-10-03,18404,"RR","CIRCLE",85,15,NA,2001-10-25,"RR",70
-86.5166666666667,30.3166666666667,-86.5166666666667,30.3333333333333,"39729","RED SNAPPER",2001-10-16,18417,"RR","CIRCLE",80,10,NA,2002-10-31,"RR",90
-86.5166666666667,30.3166666666667,-86.5,30.3,"39734","RED SNAPPER",2001-10-24,18426,"RR","CIRCLE",80,13,NA,2001-12-20,"RR",89
-86.5166666666667,30.3166666666667,-86.4833333333333,30.3333333333333,"39736","RED SNAPPER",2001-10-24,18428,"RR","CIRCLE",80,13,NA,2002-07-16,"RR",75
-86.5166666666667,30.3166666666667,-86.5166666666667,30.3166666666667,"39738","RED SNAPPER",2001-10-24,18431,"RR","CIRCLE",80,13,NA,2002-05-27,"RR",85
-86.5166666666667,30.3166666666667,-86.4833333333333,30.3,"39739","RED SNAPPER",2001-10-24,18433,"RR","CIRCLE",80,11,NA,2002-08-08,"RR",82
-86.5166666666667,30.3166666666667,-86.5166666666667,30.3166666666667,"39748","RED SNAPPER",2001-10-24,18442,"RR","CIRCLE",80,8,NA,2003-06-02,"RR",85
-86.5,30.3333333333333,-86.5,30.3333333333333,"53806","RED SNAPPER",2005-06-03,37120,"RR","CIRCLE",75,13,NA,2005-07-19,"RR",75
-86.5333333333333,30.3166666666667,-86.5166666666667,30.3166666666667,"53836","RED SNAPPER",2005-06-20,37252,"RR","CIRCLE",85,11,NA,2006-08-02,"RR",85
-86.5333333333333,30.3166666666667,-86.5,30.3,"53841","RED SNAPPER",2005-06-20,37257,"RR","CIRCLE",85,13,NA,2005-06-30,"RR",80
-86.5,30.3166666666667,-86.5166666666667,30.3166666666667,"53844","RED SNAPPER",2005-06-20,37260,"RR","CIRCLE",75,15,NA,2005-08-23,"RR",85
-86.5,30.3166666666667,-86.5,30.3333333333333,"53854","RED SNAPPER",2005-06-27,35280,"RR","CIRCLE",75,13,NA,2005-07-19,"RR",75
-86.5,30.3166666666667,-84.35,29.4,"53871","RED SNAPPER",2005-07-08,36039,"RR","CIRCLE",80,14,NA,2006-05-04,"RR",83
-86.5,30.3166666666667,-86.5333333333333,30.3166666666667,"53897","RED SNAPPER",2005-07-14,37378,"RR","CIRCLE",80,11,NA,2005-09-20,"RR",85
-86.4666666666667,30.3333333333333,-86.5,30.3333333333333,"58226","RED SNAPPER",2005-09-09,36202,"RR","CIRCLE",80,15,NA,2005-10-28,"RR",60
-86.5,30.3166666666667,-86.5166666666667,30.3166666666667,"58703","RED SNAPPER",2005-05-16,32949,"RR","CIRCLE",80,14,NA,2005-07-26,"RR",85
-86.5,30.3166666666667,-86.5,30.3,"58709","RED SNAPPER",2005-05-16,32955,"RR","CIRCLE",80,15,NA,2005-06-20,"RR",76
-86.5,30.3166666666667,-86.5166666666667,30.3166666666667,"58715","RED SNAPPER",2005-05-16,32961,"RR","CIRCLE",80,11,NA,2005-08-01,"RR",85
-86.5,30.3166666666667,-86.5333333333333,30.3333333333333,"58725","RED SNAPPER",2005-05-16,32971,"RR","CIRCLE",80,15,NA,2005-06-28,"RR",71
-86.5,30.3166666666667,-87.1833333333333,30.2166666666667,"58730","RED SNAPPER",2005-05-16,32975,"RR","CIRCLE",80,13,NA,2006-04-25,"RR",75
-86.5166666666667,30.3166666666667,-86.5166666666667,30.3166666666667,"58733","RED SNAPPER",2005-05-25,34816,"RR","CIRCLE",85,9,NA,2005-06-08,"RR",80
-86.5166666666667,30.3166666666667,-86.5166666666667,30.3166666666667,"58744","RED SNAPPER",2005-05-25,34827,"RR","CIRCLE",85,14,NA,2005-08-15,"RR",85
-86.4833333333333,30.3333333333333,-86.4833333333333,30.3166666666667,"59979","RED SNAPPER",2005-07-26,37681,"RR","CIRCLE",75,13,NA,2005-09-20,"RR",85
-86.5166666666667,30.3166666666667,-86.5166666666667,30.3166666666667,"59987","RED SNAPPER",2005-07-26,37689,"RR","CIRCLE",85,15,NA,2005-08-23,"RR",85
-86.5166666666667,30.3166666666667,-86.5,30.3166666666667,"59988","RED SNAPPER",2005-07-26,37690,"RR","CIRCLE",85,15,NA,2005-08-08,"RR",80
-86.5166666666667,30.3166666666667,-87.05,30.2166666666667,"59992","RED SNAPPER",2005-08-01,37753,"RR","CIRCLE",85,15,NA,2005-08-15,"RR",NA
-86.5166666666667,30.3166666666667,-87.1666666666667,30.6666666666667,"59993","RED SNAPPER",2005-08-01,37754,"RR","CIRCLE",85,15,NA,2006-07-04,"RR",80
-86.5166666666667,30.3166666666667,-86.4166666666667,31.25,"60008","RED SNAPPER",2005-08-01,37749,"RR","CIRCLE",85,15,NA,2006-05-28,"RR",80
-86.5166666666667,30.3166666666667,-86.5,30.3333333333333,"60012","RED SNAPPER",2005-08-08,37728,"RR","CIRCLE",85,10,NA,2005-09-02,"RR",80
-86.5166666666667,30.3166666666667,-86.5833333333333,30.1166666666667,"60018","RED SNAPPER",2005-08-08,37734,"RR","CIRCLE",85,15,NA,2006-05-22,"RR",110
-86.5,30.3,-86.5,30.3,"G39053","RED SNAPPER",2001-06-05,22176,"RR","CIRCLE",85,15,NA,2002-04-24,"RR",70
-86.5166666666667,30.3,-86.5166666666667,30.3,"G39056","RED SNAPPER",2001-06-15,22179,"RR","CIRCLE",85,15,NA,2001-10-25,"RR",70
-86.5166666666667,30.3,-86.5166666666667,30.3166666666667,"G39063","RED SNAPPER",2001-06-15,22187,"RR","CIRCLE",85,14,NA,2001-07-10,"RR",85
-86.4833333333333,30.3,-86.5166666666667,30.3333333333333,"G39065","RED SNAPPER",2001-06-05,22189,"RR","CIRCLE",80,14,NA,2001-09-11,"RR",80
-86.5166666666667,30.3166666666667,-86.5166666666667,30.3,"G39067","RED SNAPPER",2001-06-21,22192,"RR","CIRCLE",85,13,NA,2002-08-06,"RR",75
-86.5166666666667,30.3166666666667,-86.5833333333333,30.5,"G39073","RED SNAPPER",2001-06-21,22199,"RR","CIRCLE",85,15,NA,2001-07-06,"RR",80
-86.5166666666667,30.3166666666667,-86.5833333333333,30.5,"G39074","RED SNAPPER",2001-06-21,22201,"RR","CIRCLE",85,15,NA,2001-07-06,"RR",80
-86.5,30.3166666666667,-86.5,30.3,"G39097","RED SNAPPER",2001-07-05,22223,"RR","CIRCLE",75,12,NA,2002-05-21,"RR",80
-86.5,30.3166666666667,-86.5,30.3,"G39100","RED SNAPPER",2001-07-05,22226,"RR","CIRCLE",75,14,NA,2002-04-15,"RR",85
-86.5,30.3,-86.5166666666667,30.3166666666667,"G39614","RED SNAPPER",2001-07-20,22558,"RR","CIRCLE",85,10,NA,2002-07-01,"RR",85
-86.5,30.3166666666667,-86.5166666666667,30.3333333333333,"G39626","RED SNAPPER",2001-08-06,22571,"RR","CIRCLE",80,14,NA,2001-09-11,"RR",80
-86.5166666666667,30.3166666666667,-85.9833333333333,30.1,"G39633","RED SNAPPER",2001-08-13,22579,"RR","CIRCLE",85,15,NA,2002-05-25,"RR",92
-86.5166666666667,30.3333333333333,-86.5,30.3,"G39646","RED SNAPPER",2001-08-20,22590,"RR","CIRCLE",85,15,NA,2002-05-15,"RR",85
-86.4833333333333,30.3166666666667,-86.4833333333333,30.3166666666667,"G41410","RED SNAPPER",2001-08-28,23580,"RR","CIRCLE",80,15,NA,2002-06-03,"RR",80
-86.4833333333333,30.3166666666667,-86.5,30.3,"G41411","RED SNAPPER",2001-08-28,23581,"RR","CIRCLE",80,14,NA,2002-05-25,"RR",80
-86.4833333333333,30.3166666666667,-86.4833333333333,30.3,"G41412","RED SNAPPER",2001-08-28,23583,"RR","CIRCLE",80,15,NA,2002-05-22,"RR",78
-86.4833333333333,30.3166666666667,-86.4666666666667,30.3166666666667,"G41416","RED SNAPPER",2001-09-05,23588,"RR","CIRCLE",80,15,NA,2001-10-22,"RR",80
-86.5166666666667,30.3333333333333,-86.5166666666667,30.3166666666667,"G41426","RED SNAPPER",2001-09-11,23598,"RR","CIRCLE",80,14,NA,2002-05-16,"RR",85
-86.5166666666667,30.3333333333333,-86.5166666666667,30.3166666666667,"G41429","RED SNAPPER",2001-09-11,23602,"RR","CIRCLE",80,11,NA,2002-05-22,"RR",85
-86.5,30.3166666666667,-86.5,30.3166666666667,"G41433","RED SNAPPER",2001-09-19,23607,"RR","CIRCLE",80,11,NA,2001-09-27,"RR",85
-86.5,30.3166666666667,-86.5,30.3166666666667,"G41440","RED SNAPPER",2001-09-19,23615,"RR","CIRCLE",80,15,NA,2001-10-25,"RR",70
-86.5,30.3166666666667,-86.5166666666667,30.3166666666667,"G41443","RED SNAPPER",2001-09-19,23618,"RR","CIRCLE",80,10,NA,2003-04-28,"RR",80
-86.5,30.3166666666667,-86.7333333333333,30.15,"G41446","RED SNAPPER",2001-09-19,23621,"RR","CIRCLE",80,11,NA,2003-07-06,"RR",115
-86.5166666666667,30.3166666666667,-86.5166666666667,30.3,"G42011","RED SNAPPER",2002-05-09,23863,"RR","CIRCLE",85,14,NA,2002-08-05,"RR",75
-86.5166666666667,30.3166666666667,-86.5166666666667,30.3166666666667,"G42012","RED SNAPPER",2002-05-09,23864,"RR","CIRCLE",85,12,NA,2002-05-27,"RR",85
-86.4833333333333,30.3333333333333,-86.5166666666667,30.3,"G42050","RED SNAPPER",2002-07-16,23900,"RR","CIRCLE",75,15,NA,2002-08-12,"RR",75
-86.5166666666667,30.3166666666667,-86.5166666666667,30.3166666666667,"G42807","RED SNAPPER",2003-04-15,25821,"RR","CIRCLE",85,15,NA,2003-04-21,"RR",85
-86.5166666666667,30.3166666666667,-86.5166666666667,30.3166666666667,"G42835","RED SNAPPER",2003-04-28,26076,"RR","CIRCLE",85,12,NA,2003-07-08,"RR",85
-86.5166666666667,30.3166666666667,-86.5166666666667,30.3333333333333,"G42836","RED SNAPPER",2003-04-28,26077,"RR","CIRCLE",85,15,NA,2003-07-21,"RR",80
-86.5166666666667,30.3166666666667,-86.5166666666667,30.3166666666667,"G42837","RED SNAPPER",2003-04-28,26078,"RR","CIRCLE",85,14,NA,2003-07-08,"RR",85
-86.5166666666667,30.3166666666667,-86.5166666666667,30.3166666666667,"G42846","RED SNAPPER",2003-05-09,26237,"RR","CIRCLE",85,13,NA,2003-06-17,"RR",85
-86.5166666666667,30.3166666666667,-86.5166666666667,30.3166666666667,"G42848","RED SNAPPER",2003-05-09,26239,"RR","CIRCLE",85,11,NA,2003-06-11,"RR",85
-86.5166666666667,30.3166666666667,-86.5166666666667,30.3166666666667,"G42848","RED SNAPPER",2003-06-11,26716,"RR","CIRCLE",85,12,NA,2003-08-26,"RR",85
-86.5166666666667,30.3166666666667,-86.5166666666667,30.3166666666667,"G42850","RED SNAPPER",2003-05-09,26241,"RR","CIRCLE",85,13,NA,2003-05-23,"RR",85
-86.5166666666667,30.3166666666667,-86.5166666666667,30.3166666666667,"G43124","RED SNAPPER",2003-05-23,26447,"RR","CIRCLE",85,15,NA,2003-06-03,"RR",80
-86.5166666666667,30.3166666666667,-86.5166666666667,30.3166666666667,"G43128","RED SNAPPER",2003-05-23,26451,"RR","CIRCLE",85,14,NA,2003-06-17,"RR",85
-86.5166666666667,30.3166666666667,-86.5166666666667,30.3166666666667,"G43130","RED SNAPPER",2003-05-23,26453,"RR","CIRCLE",85,12,NA,2003-08-06,"RR",85
-86.5166666666667,30.3166666666667,-86.5166666666667,30.3,"G43138","RED SNAPPER",2003-06-02,26630,"RR","CIRCLE",85,15,NA,2003-07-31,"RR",85
-86.5166666666667,30.3166666666667,-86.5166666666667,30.3166666666667,"G43142","RED SNAPPER",2003-06-11,26675,"RR","CIRCLE",85,14,NA,2003-09-27,"RR",79
-86.5166666666667,30.3166666666667,-86.5166666666667,30.3166666666667,"G43151","RED SNAPPER",2003-06-11,26684,"RR","CIRCLE",85,15,NA,2004-05-18,"RR",90
-86.5166666666667,30.3166666666667,-86.5166666666667,30.2666666666667,"G43167","RED SNAPPER",2003-06-11,26700,"RR","CIRCLE",85,15,NA,2004-06-11,"RR",65
-86.5166666666667,30.3166666666667,-86.5333333333333,30.35,"G43173","RED SNAPPER",2003-06-11,26706,"RR","CIRCLE",85,11,NA,2003-10-07,"RR",72
-86.5166666666667,30.3166666666667,-86.5166666666667,30.3333333333333,"G43178","RED SNAPPER",2003-06-11,26711,"RR","CIRCLE",85,10,NA,2003-10-20,"RR",62
-86.5166666666667,30.3166666666667,-86.5166666666667,30.3166666666667,"G43182","RED SNAPPER",2003-06-17,26720,"RR","CIRCLE",85,15,NA,2003-09-21,"RR",80
-86.5166666666667,30.3166666666667,-86.5166666666667,30.3166666666667,"G43185","RED SNAPPER",2003-06-17,26723,"RR","CIRCLE",85,15,NA,2003-06-23,"RR",85
-86.5166666666667,30.3166666666667,-86.5166666666667,30.3,"G43185","RED SNAPPER",2003-06-23,27041,"RR","CIRCLE",85,15,NA,2003-10-03,"RR",80
-86.5166666666667,30.3166666666667,-86.6666666666667,30.25,"G43200","RED SNAPPER",2003-06-17,26738,"RR","CIRCLE",85,14,NA,2004-06-24,"RR",67
-86.5166666666667,30.3166666666667,-86.5166666666667,30.3166666666667,"G43405","RED SNAPPER",2003-07-08,27127,"RR","CIRCLE",85,12,NA,2003-08-06,"RR",85
-86.5166666666667,30.3166666666667,-86.5166666666667,30.3166666666667,"G43416","RED SNAPPER",2003-07-08,27138,"RR","CIRCLE",85,11,NA,2004-06-18,"RR",85
-86.5166666666667,30.3166666666667,-86.5166666666667,30.3166666666667,"G43422","RED SNAPPER",2003-07-08,27144,"RR","CIRCLE",85,14,NA,2003-08-26,"RR",85
-86.5166666666667,30.3166666666667,-86.5166666666667,30.3166666666667,"G43422","RED SNAPPER",2003-08-26,28017,"RR","CIRCLE",85,15,NA,2003-09-21,"RR",80
-86.5166666666667,30.3166666666667,-86.5166666666667,30.3166666666667,"G43424","RED SNAPPER",2003-07-15,27527,"RR","CIRCLE",85,12,NA,2004-05-05,"RR",85
-86.5166666666667,30.3166666666667,-86.5166666666667,30.3333333333333,"G43426","RED SNAPPER",2003-07-15,27529,"RR","CIRCLE",85,14,NA,2003-10-31,"RR",80
-86.5166666666667,30.3166666666667,-86.5166666666667,30.3166666666667,"G43435","RED SNAPPER",2003-07-15,27538,"RR","CIRCLE",85,10,NA,2004-04-16,"RR",85
-86.5166666666667,30.3166666666667,-86.5166666666667,30.3166666666667,"G43435","RED SNAPPER",2004-04-16,29046,"RR","CIRCLE",85,14,NA,2004-05-18,"RR",85
-86.5166666666667,30.3166666666667,-86.5166666666667,30.3166666666667,"G43437","RED SNAPPER",2003-07-15,27540,"RR","CIRCLE",85,10,NA,2003-08-26,"RR",85
-86.5166666666667,30.3166666666667,-86.5166666666667,30.3166666666667,"G43441","RED SNAPPER",2003-07-15,27544,"RR","CIRCLE",85,9,NA,2004-06-04,"RR",85
-86.5166666666667,30.3166666666667,-86.5166666666667,30.3166666666667,"G43445","RED SNAPPER",2003-07-15,27548,"RR","CIRCLE",85,11,NA,2003-10-20,"RR",85
-86.5166666666667,30.3166666666667,-86.5166666666667,30.3166666666667,"G43447","RED SNAPPER",2003-07-15,27550,"RR","CIRCLE",85,14,NA,2003-10-20,"RR",85
-86.5166666666667,30.3166666666667,-86.5166666666667,30.3333333333333,"G43449","RED SNAPPER",2003-07-15,27552,"RR","CIRCLE",85,11,NA,2003-10-31,"RR",80
-86.5166666666667,30.3333333333333,-86.5166666666667,30.3333333333333,"G43455","RED SNAPPER",2003-07-21,27511,"RR","CIRCLE",80,12,NA,2003-09-08,"RR",80
-86.5166666666667,30.3166666666667,-86.5166666666667,30.3166666666667,"G43467","RED SNAPPER",2003-07-28,27749,"RR","CIRCLE",85,12,NA,2003-08-06,"RR",85
-86.5166666666667,30.3166666666667,-86.0666666666667,30.25,"G43474","RED SNAPPER",2003-07-28,27756,"RR","CIRCLE",85,11,NA,2005-10-24,"RR",70
-86.5166666666667,30.3166666666667,-86.4833333333333,30.3166666666667,"G43492","RED SNAPPER",2003-08-06,27804,"RR","CIRCLE",85,12,NA,2003-10-04,"RR",80
-86.5166666666667,30.3166666666667,-86.5166666666667,30.3166666666667,"G43496","RED SNAPPER",2003-08-06,27808,"RR","CIRCLE",85,12,NA,2004-05-05,"RR",85
-86.5166666666667,30.3166666666667,-86.5166666666667,30.2666666666667,"G43500","RED SNAPPER",2003-08-06,27812,"RR","CIRCLE",85,11,NA,2004-06-11,"RR",65
-86.4833333333333,30.3,-86.4833333333333,30.3,"G43958","RED SNAPPER",2003-09-24,28186,"RR","CIRCLE",80,15,NA,2004-08-22,"RR",80
-86.4833333333333,30.3,-86.3833333333333,30.25,"G43959","RED SNAPPER",2003-09-24,28187,"RR","CIRCLE",80,15,NA,2004-05-16,"RR",85
-86.4833333333333,30.3,-86.4833333333333,30.3,"G43963","RED SNAPPER",2003-09-24,28191,"RR","CIRCLE",80,15,NA,2004-05-21,"RR",80
-86.4833333333333,30.3166666666667,-86.5166666666667,30.3166666666667,"G43972","RED SNAPPER",2003-10-04,28228,"RR","CIRCLE",80,14,NA,2004-07-27,"RR",85
-86.4833333333333,30.3166666666667,-86.5166666666667,30.3166666666667,"G43975","RED SNAPPER",2003-10-04,28231,"RR","CIRCLE",80,14,NA,2003-10-14,"RR",80
-86.4833333333333,30.3166666666667,-86.5166666666667,30.3166666666667,"G43979","RED SNAPPER",2003-10-04,28235,"RR","CIRCLE",80,12,NA,2004-05-10,"RR",85
-86.4833333333333,30.3166666666667,-86.5166666666667,30.3166666666667,"G43980","RED SNAPPER",2003-10-04,28236,"RR","CIRCLE",80,12,NA,2004-04-26,"RR",85
-86.5166666666667,30.3166666666667,-86.5166666666667,30.3166666666667,"G43980","RED SNAPPER",2004-04-26,29048,"RR","CIRCLE",85,14,NA,2004-05-18,"RR",85
-86.5166666666667,30.3166666666667,-86.5333333333333,30.35,"G43993","RED SNAPPER",2003-10-14,28247,"RR","CIRCLE",80,14,NA,2004-03-20,"RR",75
-86.5166666666667,30.3166666666667,-86.5166666666667,30.3333333333333,"G43999","RED SNAPPER",2003-10-14,28253,"RR","CIRCLE",80,15,NA,2003-10-31,"RR",80
-86.5166666666667,30.3166666666667,-86.5166666666667,30.3166666666667,"G46828","RED SNAPPER",2003-10-20,28312,"RR","CIRCLE",85,13,NA,2004-06-30,"RR",87
-86.5166666666667,30.3166666666667,-86.5166666666667,30.3166666666667,"G46832","RED SNAPPER",2003-10-20,28316,"RR","CIRCLE",85,14,NA,2004-05-18,"RR",85
-86.5166666666667,30.3333333333333,-86.5833333333333,30.3333333333333,"G46851","RED SNAPPER",2003-10-31,28389,"RR","CIRCLE",80,12,NA,2004-11-06,"RR",65
-86.5166666666667,30.3333333333333,-86.6666666666667,30.25,"G46852","RED SNAPPER",2003-10-31,28390,"RR","CIRCLE",80,14,NA,2004-06-22,"RR",73
-86.5166666666667,30.3333333333333,-86.5166666666667,30.3166666666667,"G46862","RED SNAPPER",2003-10-31,28400,"RR","CIRCLE",80,13,NA,2004-06-07,"RR",85
-86.5166666666667,30.3166666666667,-86.5166666666667,30.3166666666667,"G47005","RED SNAPPER",2003-08-06,27817,"RR","CIRCLE",85,15,NA,2004-06-04,"",85
-86.5166666666667,30.3166666666667,-86.5166666666667,30.3333333333333,"G47021","RED SNAPPER",2003-08-06,27833,"RR","CIRCLE",85,10,NA,2003-08-18,"RR",80
-86.5166666666667,30.3166666666667,-86.5166666666667,30.3333333333333,"G47026","RED SNAPPER",2003-08-06,27838,"RR","CIRCLE",85,12,NA,2003-10-31,"RR",80
-86.5166666666667,30.3333333333333,-86.5166666666667,30.3166666666667,"G47041","RED SNAPPER",2003-08-18,27872,"RR","CIRCLE",80,14,NA,2004-06-04,"RR",85
-86.5166666666667,30.3166666666667,-86.5166666666667,30.3166666666667,"G47047","RED SNAPPER",2003-08-26,28000,"RR","CIRCLE",85,15,NA,2004-06-02,"RR",70
-86.5166666666667,30.3166666666667,-86.5166666666667,30.3166666666667,"G47048","RED SNAPPER",2003-08-26,28001,"RR","CIRCLE",85,13,NA,2003-10-20,"RR",85
-86.5166666666667,30.3166666666667,-86.5166666666667,30.3166666666667,"G47049","RED SNAPPER",2003-08-26,28002,"RR","CIRCLE",85,11,NA,2004-04-26,"RR",85
-86.5166666666667,30.3166666666667,-86.5166666666667,30.3166666666667,"G47049","RED SNAPPER",2004-04-26,29047,"RR","CIRCLE",85,14,NA,2004-05-10,"RR",85
-86.5166666666667,30.3333333333333,-86.5,30.3333333333333,"G47050","RED SNAPPER",2003-09-08,28086,"RR","CIRCLE",80,13,NA,2004-06-17,"RR",70
-86.5166666666667,30.3333333333333,-86.5166666666667,30.3166666666667,"G47067","RED SNAPPER",2003-09-08,28089,"RR","CIRCLE",80,12,NA,2004-06-24,"RR",85
-86.5166666666667,30.3333333333333,-86.5166666666667,30.3166666666667,"G47068","RED SNAPPER",2003-09-08,28090,"RR","CIRCLE",80,13,NA,2004-05-18,"RR",85
-86.4833333333333,30.3166666666667,-86.45,30.2833333333333,"G47096","RED SNAPPER",2003-09-15,28119,"RR","CIRCLE",80,14,NA,2003-10-18,"RR",90
-86.5166666666667,30.3166666666667,-86.5166666666667,30.3166666666667,"G56708","RED SNAPPER",2005-04-18,32869,"RR","CIRCLE",85,10,NA,2005-05-16,"RR",85
-86.5166666666667,30.3166666666667,-86.5833333333333,30.35,"G56712","RED SNAPPER",2005-04-18,32873,"RR","CIRCLE",85,10,NA,2005-08-03,"RR",94
-86.5166666666667,30.3166666666667,-86.5,30.3166666666667,"G56720","RED SNAPPER",2005-05-04,34615,"RR","CIRCLE",85,14,NA,2005-07-14,"RR",80
-86.5333333333333,30.3333333333333,-86.5,30.3,"G56723","RED SNAPPER",2005-04-25,34499,"RR","CIRCLE",70,14,NA,2005-07-28,"RR",85
-86.5166666666667,30.3166666666667,-87.05,30.2166666666667,"G56739","RED SNAPPER",2005-05-04,34627,"RR","CIRCLE",85,12,NA,2005-08-15,"RR",NA
-87.2333333333333,30.2,-87.2333333333333,30.2166666666667,"38016","RED SNAPPER",2001-05-24,17029,"RR","J",82,16,NA,2001-09-29,"RR",65
-87.2166666666667,30.2166666666667,-87.2333333333333,30.2166666666667,"38020","RED SNAPPER",2001-05-24,17034,"RR","J",64,15,NA,2001-09-29,"RR",65
-87.2333333333333,30.2,-87.2,30.2,"39341","RED SNAPPER",2002-05-10,18187,"RR","CIRCLE",80,18.5,NA,2002-06-01,"RR",75
-87.1666666666667,30.2,-81.1333333333333,29.9166666666667,"40387","RED SNAPPER",2002-08-28,18857,"RR","CIRCLE",104,14.5,NA,2004-04-05,"RR",69
-87.35,30.1333333333333,-87.35,30.1333333333333,"41494","RED SNAPPER",2002-10-17,24369,"RR","CIRCLE",85,14,NA,2003-09-23,"RR",85
-87.2333333333333,30.1666666666667,-87.3333333333333,30.1666666666667,"42791","RED SNAPPER",2002-09-29,24242,"RR","CIRCLE",80,13.5,NA,2003-08-19,"RR",70
-87.25,30.4,-87.25,30.3166666666667,"45288","RED SNAPPER",2003-11-21,28621,"RR","J",25,15,NA,2004-07-06,"RR",30
-87.1666666666667,30.0833333333333,-87.2833333333333,30.05,"53162","RED SNAPPER",2005-06-15,37206,"RR","CIRCLE",110,12,NA,2005-10-19,"RR",100
-87.1666666666667,30.0833333333333,-87.8833333333333,30.0833333333333,"53165","RED SNAPPER",2005-06-15,37209,"RR","CIRCLE",110,15,NA,2005-07-27,"RR",125
-87.1666666666667,30.0833333333333,-86.1666666666667,30.2833333333333,"53169","RED SNAPPER",2005-06-15,37213,"RR","CIRCLE",110,15,NA,2006-04-18,"RR",70
-87.1666666666667,30.0833333333333,-87.3333333333333,30.05,"53174","RED SNAPPER",2005-06-15,37218,"RR","CIRCLE",110,14,NA,2006-06-09,"",84
-87.2333333333333,30.0333333333333,-87.1833333333333,30.0333333333333,"54516","RED SNAPPER",2005-01-10,32530,"RR","CIRCLE",110,14,NA,2005-05-27,"RR",100
-87.1666666666667,30,-87.25,30,"54561","RED SNAPPER",2005-03-29,33934,"RR","CIRCLE",110,16.5,NA,2005-04-21,"RR",110
-87.1666666666667,30,-87.2333333333333,30.1833333333333,"54570","RED SNAPPER",2005-03-29,33943,"RR","CIRCLE",110,16,NA,2005-04-21,"RR",82
-87.1666666666667,30,-87.2333333333333,30.1666666666667,"54575","RED SNAPPER",2005-03-29,33948,"RR","CIRCLE",110,21,NA,2005-08-15,"RR",60
-87.2166666666667,30.0333333333333,-87.3,30,"57981","RED SNAPPER",2005-12-27,38080,"RR","CIRCLE",100,11,NA,2006-05-31,"RR",100
-87.25,30.25,-87.2333333333333,30.1833333333333,"57994","RED SNAPPER",2005-12-13,38018,"RR","CIRCLE",80,11,NA,2006-06-27,"RR",90
-87.25,30.25,-87.2833333333333,30.2,"58000","RED SNAPPER",2005-12-13,38012,"RR","CIRCLE",80,14,NA,2006-10-18,"RR",80
-80.2333333333333,28.1166666666667,-80.2166666666667,28.15,"38966","RED SNAPPER",2002-04-15,17839,"RR","CIRCLE",85,18,NA,2002-06-23,"RR",80
-80.25,28.3166666666667,-80.2666666666667,28.2166666666667,"38974","RED SNAPPER",2002-04-22,17850,"RR","CIRCLE",85,17,NA,2002-07-14,"RR",85
-80.1666666666667,28.2833333333333,-80.1666666666667,28.2833333333333,"38977","RED SNAPPER",2002-04-22,17854,"RR","CIRCLE",120,14,NA,2002-05-26,"RR",120
-80.1666666666667,28.2833333333333,-80.0833333333333,28.2166666666667,"38979","RED SNAPPER",2002-04-22,17858,"RR","CIRCLE",120,15,NA,2002-06-04,"RR",130
-80.0833333333333,28.2166666666667,-81.1166666666667,29.8833333333333,"38979","RED SNAPPER",2002-06-04,17857,"RR","CIRCLE",130,16,NA,2002-06-17,"RR",65
-80.1166666666667,28.2333333333333,-80.0833333333333,28.2166666666667,"40529","RED SNAPPER",2002-03-11,18919,"RR","CIRCLE",125,14,NA,2002-06-04,"RR",130
-80.2833333333333,28.8333333333333,-80.2833333333333,28.8333333333333,"40531","RED SNAPPER",2002-03-17,18922,"RR","CIRCLE",100,19,NA,2002-06-01,"RR",75
-80.2166666666667,28.55,-80.2,28.6166666666667,"40538","RED SNAPPER",2002-03-18,18929,"RR","CIRCLE",125,13,NA,2003-02-15,"RR",140
-80.2166666666667,28.55,-80.1833333333333,28.6,"40539","RED SNAPPER",2002-03-18,18930,"RR","CIRCLE",125,17,NA,2002-10-08,"RR",140
-80.2166666666667,28.0833333333333,-80.2166666666667,28.0833333333333,"40809","RED SNAPPER",2002-10-13,24398,"RR","CIRCLE",100,12,NA,2003-02-16,"RR",80
-80.2166666666667,28.0833333333333,-80.2166666666667,28.0833333333333,"40809","RED SNAPPER",2003-02-16,25289,"RR","CIRCLE",80,14,NA,2003-02-28,"RR",100
-80.15,28.4666666666667,-80.15,28.4666666666667,"40840","RED SNAPPER",2002-11-19,24909,"RR","CIRCLE",125,18,NA,2003-02-20,"RR",135
-80.2,28.3,-80.1666666666667,28.3,"40846","RED SNAPPER",2002-11-30,24915,"RR","CIRCLE",130,12,NA,2003-04-16,"RR",125
-80.4333333333333,28.0666666666667,-80.4333333333333,28.0666666666667,"40886","RED SNAPPER",2003-02-28,25369,"RR","CIRCLE",60,14,NA,2004-01-31,"RR",60
-80.2333333333333,28.1,-80.2333333333333,28.1,"40896","RED SNAPPER",2003-02-28,25378,"RR","CIRCLE",80,16,NA,2003-05-04,"RR",85
-80.1166666666667,28.2166666666667,-80.1166666666667,28.2333333333333,"40911","RED SNAPPER",2002-07-15,19091,"RR","CIRCLE",135,16,NA,2002-08-24,"RR",135
-80.1166666666667,28.2166666666667,-80.1,28.2333333333333,"40912","RED SNAPPER",2002-07-15,19093,"RR","CIRCLE",135,15,NA,2002-12-29,"RR",130
-80.2166666666667,28.2333333333333,-80.1166666666667,28.2333333333333,"40927","RED SNAPPER",2002-07-20,19110,"RR","CIRCLE",135,14,NA,2002-08-24,"RR",135
-80.2666666666667,28.35,-80.2333333333333,28.4333333333333,"40991","RED SNAPPER",2002-09-22,24205,"RR","CIRCLE",85,19.75,NA,2002-10-06,"RR",60
-80.0666666666667,28.4,-80.2166666666667,28.4,"40995","RED SNAPPER",2002-09-28,24210,"RR","CIRCLE",175,16,NA,2002-12-29,"RR",120
-80.1166666666667,28.2,-80.1166666666667,28.2333333333333,"41102","RED SNAPPER",2002-06-01,19174,"RR","CIRCLE",130,15,NA,2002-08-24,"RR",135
-80.0833333333333,28.2166666666667,-80.1166666666667,28.2333333333333,"41116","RED SNAPPER",2002-06-04,19190,"RR","CIRCLE",130,18,NA,2002-08-24,"RR",135
-80.25,28.1666666666667,-80.25,28.1666666666667,"42404","RED SNAPPER",2003-03-01,25387,"RR","CIRCLE",85,13,NA,2003-04-03,"RR",85
-80.25,28.1666666666667,-80.2,28.1666666666667,"42405","RED SNAPPER",2003-03-01,25388,"RR","CIRCLE",85,19,NA,2003-05-05,"RR",85
-80.2166666666667,28.1666666666667,-80.2166666666667,28.1666666666667,"42409","RED SNAPPER",2003-03-01,25392,"RR","CIRCLE",85,19,NA,2003-03-06,"RR",85
-80.2,28.1666666666667,-80.1833333333333,28.1666666666667,"42414","RED SNAPPER",2003-03-06,25403,"RR","CIRCLE",85,14,NA,2003-04-14,"RR",90
-80.1166666666667,28.2333333333333,-80.1166666666667,28.2333333333333,"42415","RED SNAPPER",2003-03-06,25404,"RR","CIRCLE",125,15,NA,2003-05-04,"RR",125
-80.2,28.1666666666667,-80.2,28.1666666666667,"42426","RED SNAPPER",2003-03-22,25636,"RR","CIRCLE",125,15,NA,2003-05-11,"RR",100
-80.2,28.15,-80.2,28.1333333333333,"42443","RED SNAPPER",2003-03-29,25653,"RR","CIRCLE",85,18,NA,2003-04-14,"RR",85
-80.2,28.1333333333333,-80.2,28.15,"42443","RED SNAPPER",2003-04-14,25926,"RR","CIRCLE",85,19,NA,2004-04-10,"RR",90
-80.2333333333333,28.1166666666667,-80.2166666666667,28.1333333333333,"44416","RED SNAPPER",2003-04-05,25675,"RR","CIRCLE",85,18,NA,2003-05-01,"RR",85
-80.2,28.1666666666667,-80.2,28.1666666666667,"44445","RED SNAPPER",2003-04-14,25782,"RR","CIRCLE",85,12,NA,2003-05-03,"RR",85
-80.2,28.1666666666667,-80.2,28.1666666666667,"44446","RED SNAPPER",2003-04-14,25783,"RR","CIRCLE",85,13,NA,2003-05-11,"RR",100
-80.1666666666667,28.3,-80.1666666666667,28.3,"44484","RED SNAPPER",2003-04-16,25938,"RR","CIRCLE",125,19,NA,2003-11-17,"RR",120
-80.2333333333333,28.2666666666667,-80.2333333333333,28.2666666666667,"44626","RED SNAPPER",2003-05-03,26193,"RR","CIRCLE",90,15,NA,2004-01-31,"RR",90
-80.2,28.1666666666667,-80.2,28.1666666666667,"44627","RED SNAPPER",2003-05-03,26194,"RR","CIRCLE",85,15,NA,2003-05-05,"RR",85
-80.2,28.1666666666667,-80.2,28.1666666666667,"44630","RED SNAPPER",2003-05-03,26197,"RR","CIRCLE",85,18,NA,2003-05-05,"RR",85
-80.2166666666667,28.1833333333333,-80.2333333333333,28.2333333333333,"47408","RED SNAPPER",2004-11-02,32402,"RR","J",86,14.5,NA,2006-03-01,"RR",90
-80.2166666666667,28.1833333333333,-80.2166666666667,28.1833333333333,"47412","RED SNAPPER",2004-11-02,32406,"RR","J",86,14.5,NA,2004-11-18,"RR",87
-80.2166666666667,28.1666666666667,-80.2166666666667,28.1666666666667,"47432","RED SNAPPER",2004-11-02,32426,"RR","J",92,14,NA,2004-11-22,"RR",90
-80.2,28.1666666666667,-80.2166666666667,28.2,"47448","RED SNAPPER",2004-11-03,32442,"RR","J",90,17,NA,2005-04-01,"RR",85
-80.2166666666667,28.2,-80.2333333333333,28.2,"47448","RED SNAPPER",2005-04-01,32912,"RR","J",85,18,NA,2006-02-22,"RR",82
-80.2,28.1666666666667,-80.2333333333333,28.2,"47451","RED SNAPPER",2004-11-03,32445,"RR","J",84,19.5,NA,2004-11-18,"RR",84
-80.2,28.1666666666667,-80.2166666666667,28.2,"47453","RED SNAPPER",2004-11-03,32447,"RR","J",84,17.5,NA,2005-04-01,"RR",85
-80.2166666666667,28.2,-80.2333333333333,28.2166666666667,"47453","RED SNAPPER",2005-04-01,32913,"RR","J",85,17.5,NA,2005-05-02,"RR",78
-80.2,28.1666666666667,-80.2166666666667,28.1833333333333,"47456","RED SNAPPER",2004-11-03,32450,"RR","J",84,15,NA,2004-11-18,"RR",87
-80.2166666666667,28.1833333333333,-80.2166666666667,28.1833333333333,"47457","RED SNAPPER",2004-11-03,32451,"RR","J",86,14,NA,2004-11-18,"RR",88
-80.2166666666667,28.1833333333333,-80.2166666666667,28.1833333333333,"47467","RED SNAPPER",2004-11-03,32461,"RR","J",87,15.5,NA,2004-12-05,"RR",80
-80.2166666666667,28.1833333333333,-80.2333333333333,28.2,"47470","RED SNAPPER",2004-11-03,32464,"RR","J",87,16,NA,2004-11-18,"RR",84
-80.2166666666667,28.1333333333333,-80.2,28.1333333333333,"47489","RED SNAPPER",2004-11-03,32296,"RR","J",78,13.5,NA,2006-03-17,"RR",86
-80.2166666666667,28.1333333333333,-80.2,28.1333333333333,"47491","RED SNAPPER",2004-11-03,32298,"RR","J",78,17.5,NA,2004-12-05,"RR",83
-80.2,28.1333333333333,-80.8,29.9,"47491","RED SNAPPER",2004-12-05,32625,"RR","J",83,18,NA,2004-12-21,"RR",100
-80.2166666666667,28.1333333333333,-80.2166666666667,28.1333333333333,"47496","RED SNAPPER",2004-11-03,32303,"RR","J",78,18,NA,2004-12-01,"RR",78
-80.2166666666667,28.1333333333333,-80.2,28.1333333333333,"47496","RED SNAPPER",2004-12-01,32621,"RR","J",78,18.5,NA,2004-12-05,"RR",83
-80.2333333333333,28.2,-80.2333333333333,28.2,"47501","RED SNAPPER",2004-10-16,31866,"RR","J",82,15,NA,2004-12-08,"RR",86
-80.2333333333333,28.2,-80.2166666666667,28.2,"47505","RED SNAPPER",2004-10-16,31870,"RR","J",82,15,NA,2004-11-03,"RR",80
-80.2333333333333,28.2,-80.2166666666667,28.2,"47506","RED SNAPPER",2004-10-16,31871,"RR","J",82,16,NA,2004-12-05,"RR",80
-80.2,28.1666666666667,-80.2166666666667,28.1833333333333,"47520","RED SNAPPER",2004-10-17,31885,"RR","J",86,16,NA,2004-12-05,"RR",80
-80.2166666666667,28.1833333333333,-80.2166666666667,28.2,"47523","RED SNAPPER",2004-10-17,31888,"RR","J",86,14.5,NA,2004-11-03,"RR",80
-80.2333333333333,28.1166666666667,-80.2333333333333,28.1166666666667,"47527","RED SNAPPER",2004-10-18,31892,"RR","J",78,15.5,NA,2004-12-08,"RR",77
-80.2333333333333,28.1166666666667,-80.2333333333333,28.1166666666667,"47527","RED SNAPPER",2004-12-08,32212,"RR","J",77,17.5,NA,2005-03-27,"RR",78
-80.2166666666667,28.1333333333333,-80.2166666666667,28.1333333333333,"47556","RED SNAPPER",2004-10-20,31921,"RR","J",86,17,NA,2004-11-04,"RR",86
-80.3166666666667,28.2,-80.3666666666667,28.5166666666667,"48508","RED SNAPPER",2005-07-19,37487,"RR","J",72,19.5,NA,2005-11-11,"RR",80
-80.4666666666667,28.0666666666667,-80.3,27.9166666666667,"48537","RED SNAPPER",2005-07-20,37520,"RR","J",62,14.5,NA,2005-10-02,"RR",60
-80.3666666666667,28.3,-80.3666666666667,28.3,"48554","RED SNAPPER",2005-08-30,37961,"RR","J",54,16.75,NA,2006-01-09,"RR",51
-80.25,28.3,-80.3333333333333,28.3,"48555","RED SNAPPER",2005-08-30,37962,"RR","J",85,17.5,NA,2005-09-14,"RR",93
-80.3333333333333,28.5,-80.3166666666667,28.5166666666667,"48583","RED SNAPPER",2005-08-31,37990,"RR","J",76,17.75,NA,2005-10-19,"RR",80
-80.4166666666667,28.6833333333333,-80.45,28.7,"48635","RED SNAPPER",2004-08-20,31107,"RR","J",60,16,NA,2006-02-18,"RR",60
-80.2,28.1666666666667,-80.2,28.1666666666667,"48663","RED SNAPPER",2004-08-27,33127,"RR","J",90,17,NA,2004-10-18,"RR",90
-80.2,28.1666666666667,-80.2,28.1666666666667,"48663","RED SNAPPER",2004-10-18,32686,"RR","J",90,18.5,NA,2004-12-06,"RR",81
-80.2666666666667,28.35,-80.1,28.35,"48683","RED SNAPPER",2004-10-04,33147,"RR","J",83,13.5,NA,2005-03-29,"RR",83
-80.2666666666667,28.35,-80.2666666666667,28.35,"48684","RED SNAPPER",2004-10-04,33148,"RR","J",83,16.5,NA,2004-11-19,"RR",84
-80.1833333333333,28.35,-80.1833333333333,28.35,"48688","RED SNAPPER",2004-10-04,33152,"RR","J",118,16.5,NA,2005-05-10,"RR",121
-80.1666666666667,28.3,-80.1666666666667,28.3,"48694","RED SNAPPER",2004-10-04,33158,"RR","J",121,14,NA,2004-10-30,"RR",121
-80.4333333333333,28.3,-80.45,28.3,"51784","RED SNAPPER",2004-07-08,30762,"RR","J",50,17,NA,2004-09-03,"RR",54
-80.4333333333333,28.3,-80.0166666666667,27.8666666666667,"51785","RED SNAPPER",2004-07-08,30763,"RR","J",50,14,NA,2005-11-10,"RR",180
-80.3,28.2,-80.3166666666667,28.2,"51810","RED SNAPPER",2004-08-10,30989,"RR","J",70,14.25,NA,2004-08-26,"RR",70
-80.2,28.3833333333333,-80.2,28.3833333333333,"51880","RED SNAPPER",2004-11-01,33082,"RR","J",115,17.75,NA,2004-12-13,"RR",116
-80.2,28.3833333333333,-80.35,28.45,"51881","RED SNAPPER",2004-11-01,33083,"RR","J",115,18.5,NA,2005-04-10,"RR",120
-80.2,28.3833333333333,-80.2,28.3833333333333,"51884","RED SNAPPER",2004-11-01,33086,"RR","J",115,15,NA,2004-11-08,"RR",115
-80.2,28.5,-80.2166666666667,28.5,"51915","RED SNAPPER",2004-11-01,33114,"RR","J",121,15.75,NA,2005-07-06,"RR",120
-80.45,28.0833333333333,-80.25,28.3,"51991","RED SNAPPER",2004-07-26,30735,"RR","J",55,14.5,NA,2005-01-04,"RR",87
-80.2166666666667,28.1833333333333,-80.2166666666667,28.1833333333333,"52171","RED SNAPPER",2004-06-28,30034,"RR","J",80,15.75,NA,2004-10-05,"RR",80
-80.1166666666667,28.1833333333333,-80.1166666666667,28.1833333333333,"52406","RED SNAPPER",2005-05-08,35132,"RR","J",132,19,NA,2006-02-24,"RR",130
-80.2333333333333,28.2166666666667,-80.2333333333333,28.2333333333333,"52473","RED SNAPPER",2005-05-12,35199,"RR","J",81,16.5,NA,2006-03-05,"RR",85
-80.2333333333333,28.1333333333333,-80.2333333333333,28.1166666666667,"52477","RED SNAPPER",2005-05-19,35103,"RR","J",78,15.5,NA,2006-03-03,"RR",77
-80.4166666666667,28.6666666666667,-80.4166666666667,28.6666666666667,"53052","RED SNAPPER",2005-06-15,35954,"RR","J",62,16.5,NA,2006-04-26,"RR",58
-80.2166666666667,28.1833333333333,-80.2166666666667,28.1833333333333,"54211","RED SNAPPER",2004-11-18,32319,"RR","J",86,17,NA,2005-03-25,"RR",86
-80.2166666666667,28.1833333333333,-80.2166666666667,28.2,"54211","RED SNAPPER",2005-03-25,32908,"RR","J",86,17,NA,2005-04-29,"RR",83
-80.2166666666667,28.1833333333333,-80.2166666666667,28.1333333333333,"54217","RED SNAPPER",2004-11-18,32325,"RR","J",87,16,NA,2005-01-11,"RR",121
-80.2166666666667,28.1833333333333,-80.2166666666667,28.1666666666667,"54219","RED SNAPPER",2004-11-18,32327,"RR","J",87,15.5,NA,2006-03-05,"RR",100
-80.2166666666667,28.1833333333333,-80.2166666666667,28.2333333333333,"54221","RED SNAPPER",2004-11-18,32329,"RR","J",84,17,NA,2006-05-19,"RR",90
-80.25,28.3166666666667,-80.25,28.3166666666667,"54231","RED SNAPPER",2004-11-19,32339,"RR","J",86,16.5,NA,2005-03-29,"RR",86
-80.25,28.3166666666667,-80.25,28.3166666666667,"54235","RED SNAPPER",2004-11-19,32343,"RR","J",86,15.5,NA,2005-01-04,"RR",86
-80.25,28.3166666666667,-80.25,28.3166666666667,"54240","RED SNAPPER",2004-11-19,32348,"RR","J",86,17.5,NA,2005-05-30,"RR",90
-80.3,28.5666666666667,-80.3,28.5666666666667,"54269","RED SNAPPER",2005-01-05,32608,"RR","J",87,18.5,NA,2005-02-20,"RR",90
-80.2333333333333,28.2,-80.2,28.1666666666667,"54327","RED SNAPPER",2004-11-16,33017,"RR","J",75,15,NA,2004-12-06,"RR",82
-80.2333333333333,28.2,-80.2333333333333,28.15,"54329","RED SNAPPER",2004-11-16,33019,"RR","J",75,15,NA,2005-03-04,"RR",86
-80.2333333333333,28.2166666666667,-80.2333333333333,28.2,"54351","RED SNAPPER",2004-11-27,33041,"RR","J",80,17,NA,2004-12-08,"RR",86
-80.2166666666667,28.2,-80.2166666666667,28.1833333333333,"54360","RED SNAPPER",2004-12-04,32256,"RR","J",84,17,NA,2005-06-02,"RR",90
-80.2833333333333,28.3833333333333,-80.2833333333333,28.3666666666667,"54373","RED SNAPPER",2004-12-08,32269,"RR","J",75,17,NA,2005-04-04,"RR",80
-80.2833333333333,28.3833333333333,-80.2833333333333,28.5166666666667,"54374","RED SNAPPER",2004-12-08,32270,"RR","J",75,14.5,NA,2005-01-06,"RR",125
-80.2833333333333,28.3833333333333,-80.2833333333333,28.3833333333333,"54381","RED SNAPPER",2004-12-08,32277,"RR","J",75,18,NA,2005-04-04,"RR",75
-80.2333333333333,28.1166666666667,-80.2333333333333,28.1166666666667,"54404","RED SNAPPER",2004-12-08,32543,"RR","J",78,17.5,NA,2005-03-27,"RR",78
-80.2833333333333,28.6333333333333,-80.1666666666667,28.65,"54438","RED SNAPPER",2005-01-05,32577,"RR","J",94,19.5,NA,2005-09-01,"RR",180
-80.2166666666667,28.1833333333333,-80.2166666666667,28.1666666666667,"55751","RED SNAPPER",2005-02-15,33824,"RR","J",86,15.5,NA,2005-04-14,"RR",80
-80.2166666666667,28.1833333333333,-80.2166666666667,28.1833333333333,"55756","RED SNAPPER",2005-02-15,33829,"RR","J",86,13,NA,2005-05-02,"RR",81
-80.3166666666667,28.2,-80.3,28.2,"55769","RED SNAPPER",2005-02-16,33842,"RR","J",68,16.5,NA,2005-05-19,"RR",62
-80.2333333333333,28.2166666666667,-80.2166666666667,28.2,"55780","RED SNAPPER",2005-02-16,33809,"RR","J",79,19.5,NA,2005-04-01,"RR",83
-80.2166666666667,28.2,-80.2166666666667,28.1833333333333,"55793","RED SNAPPER",2005-02-20,33822,"RR","J",79,14.5,NA,2005-06-02,"RR",90
-80.2166666666667,28.1333333333333,-80.2,28.1333333333333,"55805","RED SNAPPER",2005-04-04,34397,"RR","J",79,19.5,NA,2005-04-12,"RR",80
-80.2333333333333,28.2666666666667,-80.2333333333333,28.2666666666667,"55830","RED SNAPPER",2005-04-10,34422,"RR","J",82,16.5,NA,2005-05-14,"RR",82
-80.2166666666667,28.2,-80.2166666666667,28.2,"58462","RED SNAPPER",2005-04-14,34463,"RR","J",81,19.5,NA,2005-05-02,"RR",79
-80.2333333333333,28.1166666666667,-80.2,28.1333333333333,"58508","RED SNAPPER",2005-04-26,34537,"RR","J",81,15,NA,2005-05-19,"RR",77
-80.2333333333333,28.1166666666667,-80.2333333333333,28.1166666666667,"58517","RED SNAPPER",2005-04-26,34546,"RR","J",81,19.5,NA,2005-05-19,"RR",78
-80.2166666666667,28.1166666666667,-80.2166666666667,28.1333333333333,"58529","RED SNAPPER",2005-04-26,34558,"RR","J",79,18,NA,2006-03-30,"RR",80
-80.2166666666667,28.1833333333333,-87.0833333333333,29.1,"58547","RED SNAPPER",2005-05-05,35097,"RR","J",77,12,NA,2007-07-22,"RR",85
-83.2166666666667,28.5,-84.25,28.6666666666667,"G44525","RED SNAPPER",2004-03-15,28807,"RR","J",110,20,NA,2004-04-14,"RR",150
-83.2166666666667,28.5,-84.25,28.6666666666667,"G44527","RED SNAPPER",2004-03-15,28809,"RR","J",110,19,NA,2004-04-14,"RR",150
-83.6666666666667,28,-83.9,28.2333333333333,"22377","RED SNAPPER",1998-10-09,6616,"RR","",115,11.5,NA,1999-06-25,"RR",60
-83.8666666666667,28,-83.8666666666667,28,"25543","RED SNAPPER",1999-06-27,9311,"RR","KAHLE",135,16,NA,1999-09-05,"RR",140
-83.6333333333333,28.1666666666667,-83.6333333333333,28.1666666666667,"25558","RED SNAPPER",1999-06-25,9328,"RR","KAHLE",98,17.5,NA,1999-07-25,"RR",96
-86,29.9666666666667,-85.9166666666667,29.9166666666667,"07544","RED SNAPPER",1993-04-14,12,"RR","",115,12,NA,1993-06-20,"RR",120
-86,29.9666666666667,-86,29.8333333333333,"07545","RED SNAPPER",1993-04-14,13,"RR","",115,12,NA,1993-09-18,"RR",120
-85.9666666666667,29.9333333333333,-85.9666666666667,29.9333333333333,"11548","RED SNAPPER",1994-06-09,1235,"RR","",125,13,NA,1994-08-18,"RR",NA
-86.3333333333333,30.2833333333333,-86.2833333333333,30.3,"G56002","RED SNAPPER",2005-09-04,35653,"RR","CIRCLE",85,13,NA,2006-06-07,"RR",80
-86.3333333333333,30.2666666666667,-86.5,30.35,"G56027","RED SNAPPER",2005-09-04,35647,"RR","CIRCLE",100,14.5,NA,2006-05-10,"RR",45
-85.85,30.0333333333333,-85.6666666666667,30.0833333333333,"39769","RED SNAPPER",2002-11-29,24971,"RR","CIRCLE",88,16,NA,2004-07-05,"RR",85
-85.8,30.1,-85.6333333333333,29.8333333333333,"G39905","RED SNAPPER",2002-09-29,24620,"RR","J",60,13,NA,2003-08-04,"RR",80
-85.7666666666667,30.1166666666667,-85.7666666666667,30.1166666666667,"G39937","RED SNAPPER",2002-10-16,24648,"RR","CIRCLE",60,15,NA,2003-05-29,"RR",62
-85.75,29.8666666666667,-85.75,29.8666666666667,"G40686","RED SNAPPER",2002-09-28,24658,"RR","J",98,14.5,NA,2002-10-18,"RR",90
-85.7,30.0166666666667,-85.7666666666667,30.0666666666667,"G42333","RED SNAPPER",2004-06-18,29905,"RR","CIRCLE",72,15,NA,2004-10-29,"RR",66
-80.3333333333333,28.5,-80.3333333333333,28.4666666666667,"51714","RED SNAPPER",2004-07-13,30410,"RR","J",80,11,NA,2004-08-21,"RR",72
-81.1333333333333,29.8666666666667,-81.1166666666667,29.9,"25642","RED SNAPPER",2001-12-28,9370,"RR","J",70.5,16,NA,2002-05-18,"RR",60
-81.1333333333333,29.8666666666667,-81.1,29.9,"25643","RED SNAPPER",2001-12-28,9371,"RR","J",69,18.5,NA,2002-04-23,"RR",NA
-81.1166666666667,29.8666666666667,-81.1166666666667,29.9,"25645","RED SNAPPER",2001-12-19,9374,"RR","J",70,14,NA,2002-05-18,"RR",60
-81.1166666666667,29.9,-81.1166666666667,29.8666666666667,"27351","RED SNAPPER",2000-09-05,10765,"RR","J",70,12,NA,2001-05-15,"RR",68
-81.1166666666667,29.8666666666667,-81,29.8333333333333,"33981","RED SNAPPER",2001-05-15,14750,"RR","J",68,18,NA,2001-05-16,"RR",66
-81.1166666666667,29.9,-81.1166666666667,29.9,"33998","RED SNAPPER",2001-06-06,14772,"RR","J",68,15,NA,2001-06-11,"RR",68
-81.1166666666667,29.8666666666667,-81,29.8333333333333,"34113","RED SNAPPER",2001-05-15,14893,"RR","J",68,16,NA,2001-05-16,"RR",66
-81.0833333333333,29.9333333333333,-81.1,29.9333333333333,"38191","RED SNAPPER",2001-10-03,17159,"RR","J",69,14.25,NA,2001-11-11,"RR",65
-81.1166666666667,29.8666666666667,-81.1166666666667,29.9,"38505","RED SNAPPER",2001-05-15,17500,"RR","J",68,17,NA,2001-06-21,"RR",74
-81.1166666666667,29.9,-81.1166666666667,29.9,"38507","RED SNAPPER",2001-06-06,17507,"RR","J",68,14,NA,2001-06-11,"RR",68
-81.1166666666667,29.9,-81.1166666666667,29.9,"40356","RED SNAPPER",2002-05-08,18828,"RR","J",63,16,NA,2002-06-29,"RR",70
-81.1166666666667,29.8833333333333,-81.1166666666667,29.9,"40358","RED SNAPPER",2002-05-25,18831,"RR","J",70,15,NA,2002-07-05,"RR",66
-81.1166666666667,29.8666666666667,-81.1166666666667,29.9,"40370","RED SNAPPER",2003-09-20,28165,"RR","J",68,12,NA,2003-11-07,"RR",67
-81.1166666666667,29.8666666666667,-81.1333333333333,29.9,"42321","RED SNAPPER",2004-10-20,31836,"RR","J",70,16,NA,2006-01-13,"RR",65
-81.0166666666667,29.9,-80.5833333333333,30.0833333333333,"42328","RED SNAPPER",2004-08-18,31031,"RR","J",69,12,NA,2005-04-14,"RR",113
-81.1166666666667,29.8666666666667,-81.1166666666667,29.9,"42341","RED SNAPPER",2003-09-20,28175,"RR","J",67,15,NA,2003-11-20,"RR",70
-81.1166666666667,29.8666666666667,-81.1166666666667,29.9,"42345","RED SNAPPER",2003-09-20,28171,"RR","J",68,10,NA,2003-11-07,"RR",70
-81.1166666666667,29.8666666666667,-81.1166666666667,29.9,"44523","RED SNAPPER",2003-09-20,28178,"RR","J",65,15,NA,2003-11-07,"RR",65
-81.1166666666667,29.9,-81.1166666666667,29.9,"G38612","RED SNAPPER",2001-06-06,21859,"RR","J",68,14,NA,2001-06-14,"RR",70
-81.1166666666667,29.8666666666667,-81.1166666666667,29.9,"G38623","RED SNAPPER",2002-04-17,21861,"RR","J",70,16,NA,2002-06-29,"RR",70
-80.25,28.3666666666667,-80.25,28.3333333333333,"52593","RED SNAPPER",2005-06-02,36450,"RR","J",90,17,NA,2005-09-17,"RR",85
-83.9666666666667,28.4333333333333,-84.3166666666667,28.4,"G45879","RED SNAPPER",2004-08-21,32194,"RR","CIRCLE",120,18,NA,2004-10-30,"RR",120
-80.2166666666667,28.1833333333333,-80,28.4,"53112","RED SNAPPER",2006-01-20,38191,"RR","J",82,18,NA,2006-06-10,"RR",NA
-80.2166666666667,28.1333333333333,-80.2166666666667,28.1333333333333,"53114","RED SNAPPER",2006-01-20,38193,"RR","J",78,16.5,NA,2006-03-30,"RR",80
-80.2166666666667,28.1333333333333,-80.2166666666667,28.1333333333333,"53115","RED SNAPPER",2006-01-20,38194,"RR","J",78,17,NA,2006-03-17,"RR",81
-80.2166666666667,28.1333333333333,-80.2333333333333,28.1333333333333,"53116","RED SNAPPER",2006-01-20,38195,"RR","J",76,17.5,NA,2006-08-12,"DIVER",85
-80.25,28.3166666666667,-80.25,28.3,"53126","RED SNAPPER",2006-01-21,38205,"RR","J",91,19,NA,2006-03-11,"RR",NA
-80.2333333333333,28.2833333333333,-80.2333333333333,28.2833333333333,"53135","RED SNAPPER",2006-02-07,38214,"RR","J",92,11,NA,2006-04-06,"RR",82
-80.2333333333333,28.25,-80.2333333333333,28.2166666666667,"53140","RED SNAPPER",2006-02-07,38219,"RR","J",82,16,NA,2006-03-30,"RR",80
-87.2833333333333,30,-87.2833333333333,30.1666666666667,"58038","RED SNAPPER",2006-02-21,38269,"RR","CIRCLE",100,14,NA,2006-06-07,"RR",85
-87.2833333333333,30,-87.5666666666667,29.9666666666667,"58039","RED SNAPPER",2006-02-21,38270,"RR","CIRCLE",100,11,NA,2006-05-22,"RR",100
-87.2833333333333,30,-87.5666666666667,29.9666666666667,"58048","RED SNAPPER",2006-02-21,38279,"RR","CIRCLE",100,12,NA,2006-05-22,"RR",100
-87.2833333333333,30,-87.2666666666667,29.9666666666667,"58067","RED SNAPPER",2006-02-21,38298,"RR","CIRCLE",100,12,NA,2006-05-06,"RR",80
-87.2833333333333,30,-87.25,30.25,"58069","RED SNAPPER",2006-02-21,38300,"RR","CIRCLE",100,15,NA,2006-06-02,"RR",100
-80.5666666666667,29.9833333333333,-80.5833333333333,29.9,"53767","RED SNAPPER",2006-01-22,38477,"RR","J",125,19,NA,2006-07-18,"RR",124
-87.3,30.1333333333333,-87.3333333333333,30,"G58641","RED SNAPPER",2006-05-09,38782,"RR","CIRCLE",90,11,NA,2007-09-02,"RR",90
-87.1666666666667,30.0833333333333,-87.1666666666667,30.0666666666667,"57336","RED SNAPPER",2006-05-12,38912,"RR","CIRCLE",100,15,NA,2006-06-15,"RR",85
-86.5833333333333,30.3666666666667,-86.5166666666667,30.3333333333333,"60170","RED SNAPPER",2006-05-10,38983,"RR","CIRCLE",65,15.5,NA,2006-06-29,"RR",62
-86.5,30.3,-86.4333333333333,30.3166666666667,"60179","RED SNAPPER",2006-05-23,36600,"RR","CIRCLE",82,15.5,NA,2006-09-09,"RR",88
-87.3,30,-86.8833333333333,30.2833333333333,"G54903","RED SNAPPER",2006-05-31,36619,"RR","CIRCLE",100,10,NA,2007-09-29,"RR",70
-86.45,30.35,-86.5,30.35,"G45603","RED SNAPPER",2006-07-27,39032,"RR","CIRCLE",60,18.5,NA,2006-08-12,"RR",63
-87.25,30.1833333333333,-87.2333333333333,30.1333333333333,"60511","RED SNAPPER",2006-10-25,39280,"RR","CIRCLE",80,11,NA,2007-06-10,"RR",102
-87.25,30.1833333333333,-87.4666666666667,30.15,"60525","RED SNAPPER",2006-10-25,39279,"RR","CIRCLE",80,14,NA,2007-06-26,"RR",63
-86.6,30.3666666666667,-86.6,30.35,"53429","RED SNAPPER",2006-10-30,39347,"RR","CIRCLE",65,12.5,NA,2006-12-10,"RR",65
-86.6,30.3666666666667,-86.5166666666667,30.3333333333333,"53438","RED SNAPPER",2006-10-30,39356,"RR","CIRCLE",70,12,NA,2007-06-14,"RR",68
-87.2666666666667,29.9666666666667,-87.2166666666667,30.15,"63993","RED SNAPPER",2006-10-02,39440,"RR","CIRCLE",110,12,NA,2006-11-25,"RR",87
-80.9833333333333,29.8333333333333,-80.9833333333333,29.8333333333333,"29370","RED SNAPPER",2000-05-02,39485,"RR","J",83,17,NA,2001-06-27,"RR",80
-87.2666666666667,30,-87.3333333333333,29.8166666666667,"60468","RED SNAPPER",2006-11-09,39604,"RR","CIRCLE",100,13,NA,2007-01-30,"RR",125
-87.2333333333333,30,-87.1833333333333,30.0666666666667,"60603","RED SNAPPER",2006-12-15,39669,"RR","CIRCLE",100,18,NA,2007-06-23,"RR",75
-87.1666666666667,30.1666666666667,-87.1666666666667,30.0833333333333,"60659","RED SNAPPER",2007-03-07,40047,"RR","CIRCLE",100,18,NA,2007-04-30,"RR",85
